{
    "A fresh verification link has been sent to your email address.": "تم إرسال رابط تحقق جديد إلى عنوان بريدك الإلكتروني.",
    "A new verification link has been sent to the email address you provided during registration.": "تم إرسال رابط تحقق جديد إلى عنوان البريد الإلكتروني الذي قمت بالتسجيل به.",
    "Add a new team member to your team, allowing them to collaborate with you.": "أضف عضوًا جديدًا إلى فريقك، مما يتيح لهم التعاون معك.",
    "Add additional security to your account using two factor authentication.": "أضف أمانًا إضافيًا إلى حسابك باستخدام المصادقة الثنائية.",
    "Add Team Member": "إضافة عضو للفريق",
    "Add": "إضافة",
    "Added.": "تمت الإضافة.",
    "Administrator users can perform any action.": "المدراء بإمكانهم تنفيذ أي إجراء.",
    "Administrator": "المدير",
    "All of the people that are part of this team.": "جميع الأشخاص الذين هم جزء من هذا الفريق.",
    "All rights reserved.": "جميع الحقوق محفوظة.",
    "Already registered?": "لديك حساب مسبقا؟",
    "API Token Permissions": "أذونات رمز API",
    "API Token": "رمز API",
    "API tokens allow third-party services to authenticate with our application on your behalf.": "تسمح رموز API لخدمات الطرف الثالث بالمصادقة مع تطبيقنا نيابة عنك.",
    "API Tokens": "رموز API",
    "Are you sure you want to delete this team? Once a team is deleted, all of its resources and data will be permanently deleted.": "هل أنت متأكد أنك تريد حذف هذا الفريق؟ بمجرد حذف الفريق ، سيتم حذف جميع موارده وبياناته نهائيًا.",
    "Are you sure you want to delete your account? Once your account is deleted, all of its resources and data will be permanently deleted. Please enter your password to confirm you would like to permanently delete your account.": "هل ترغب بحذف حسابك بالتأكيد؟ بمجرد حذف حسابك، سيتم حذف جميع البيانات المتعلقة به نهائياً. الرجاء إدخال كلمة المرور الخاصة بك لتأكيد رغبتك في حذف حسابك بشكل دائم.",
    "Are you sure you would like to delete this API token?": "هل أنت متأكد أنك تريد حذف رمز API المميز؟",
    "Are you sure you would like to leave this team?": "هل أنت متأكد أنك تريد مغادرة هذا الفريق؟",
    "Are you sure you would like to remove this person from the team?": "هل أنت متأكد أنك تريد إزالة هذا الشخص من الفريق؟",
    "Before proceeding, please check your email for a verification link.": "قبل المتابعة، يرجى التحقق من بريدك الإلكتروني عن رابط التحقق.",
    "Browser Sessions": "جلسات المتصفح",
    "click here to request another": "انقر هنا لطلب آخر",
    "Close": "إغلاق",
    "Code": "الرمز",
    "Confirm Password": "تأكيد كلمة المرور",
    "Confirm": "تأكيد",
    "Create a new team to collaborate with others on projects.": "أنشئ فريقًا جديدًا للتعاون مع الآخرين في المشاريع.",
    "Create API Token": "إنشاء رمز API",
    "Create New Team": "إنشاء فريق جديد",
    "Create Team": "إنشاء فريق",
    "Create": "إنشاء",
    "Created.": "تم الإنشاء.",
    "Current Password": "كلمة المرور الحالية",
    "Dashboard": "لوحة التحكم",
    "Delete Account": "حذف الحساب",
    "Delete API Token": "حذف رمز API",
    "Delete Team": "حذف الفريق",
    "Delete": "حذف",
    "Disable": "تعطيل",
    "Done.": "تم.",
    "E-Mail Address": "البريد الالكتروني",
    "Editor users have the ability to read, create, and update.": "المحررون لديهم القدرة على القراءة والإنشاء والتحديث.",
    "Editor": "المحرر",
    "Email Password Reset Link": "رابط إعادة تعيين كلمة مرور عبر البريد الإلكتروني",
    "Email": "البريد الإلكتروني",
    "Enable": "تفعيل",
    "Ensure your account is using a long, random password to stay secure.": "تأكد من أن حسابك يستخدم كلمة مرور طويلة وعشوائية للبقاء آمنًا.",
    "For your security, please confirm your password to continue.": "لحمايتك، يرجى تأكيد كلمة المرور الخاصة بك للمتابعة.",
    "Forbidden": "محظور",
    "Forgot your password? No problem. Just let us know your email address and we will email you a password reset link that will allow you to choose a new one.": "نسيت كلمة المرور؟ لا توجد مشكلة. ما عليك سوى إخبارنا بعنوان بريدك الإلكتروني وسنرسل لك عبره رابط إعادة تعيين كلمة المرور الذي سيسمح لك باختيار عنوان جديد.",
    "Forgot Your Password?": "نسيت كلمة المرور؟",
    "Forgot your password?": "نسيت كلمة المرور؟",
    "Go Home": "الرئيسية",
    "Go to page :page": "الإنتقال إلى الصفحة :page",
    "Hello!": "أهلاً بك!",
    "If necessary, you may logout of all of your other browser sessions across all of your devices. Some of your recent sessions are listed below; however, this list may not be exhaustive. If you feel your account has been compromised, you should also update your password.": "إذا لزم الأمر، يمكنك تسجيل الخروج من جميع جلسات المتصفحات الأخرى عبر جميع أجهزتك. إذا شعرت أنه تم اختراق حسابك، فيجب عليك أيضًا تحديث كلمة المرور الخاصة بك.",
    "If you did not create an account, no further action is required.": "إذا لم تقم بإنشاء حساب ، فلا يلزم اتخاذ أي إجراء آخر.",
    "If you did not receive the email": "إذا لم تستلم البريد الإلكتروني",
    "If you did not request a password reset, no further action is required.": "إذا لم تقم بطلب استعادة كلمة المرور، لا تحتاج القيام بأي إجراء.",
    "If you’re having trouble clicking the \":actionText\" button, copy and paste the URL below\ninto your web browser:": "إذا كنت تواجه مشكلة في النقر على الزر \":actionText \"، يمكنك نسخ عنوان URL أدناه\n وألصقه في متصفح الويب:",
    "Invalid signature.": "التوقيع غير سليم.",
    "Last active": "آخر نشاط",
    "Last used": "آخر استخدام",
    "Leave Team": "مغادرة الفريق",
    "Leave": "مغادرة",
    "Login": "تسجيل الدخول",
    "Logout Other Browser Sessions": "تسجيل الخروج من حسابي على المتصفحات الأخرى",
    "Logout": "تسجيل الخروج",
    "Manage Account": "إدارة الحساب",
    "Manage and logout your active sessions on other browsers and devices.": "إدارة جلساتك النشطة وتسجيل الخروج منها على المتصفحات والأجهزة الأخرى.",
    "Manage API Tokens": "إدارة رموز API",
    "Manage Role": "إدارة الصلاحيات",
    "Manage Team": "إدارة الفريق",
    "Name": "الاسم",
    "Nevermind": "لا يهم",
    "New Password": "كلمة مرور جديدة",
    "Not Found": "غير متوفر",
    "of": "من",
    "Oh no": "انتبه",
    "Once a team is deleted, all of its resources and data will be permanently deleted. Before deleting this team, please download any data or information regarding this team that you wish to retain.": "بمجرد حذف الفريق، سيتم حذف جميع موارده وبياناته نهائيًا. قبل حذف هذا الفريق ، يرجى تنزيل أي بيانات أو معلومات بخصوص هذا الفريق ترغب في الاحتفاظ بها.",
    "Once your account is deleted, all of its resources and data will be permanently deleted. Before deleting your account, please download any data or information that you wish to retain.": "بمجرد حذف حسابك، سيتم حذف جميع موارده وبياناته نهائياً. قبل حذف حسابك، يرجى تنزيل أي بيانات أو معلومات ترغب في الاحتفاظ بها.",
    "Page Expired": "الصفحة منتهية الصلاحية",
    "Pagination Navigation": "التنقل بين الصفحات",
    "Password": "كلمة المرور",
    "Permanently delete this team.": "احذف هذا الفريق بشكل دائم.",
    "Permanently delete your account.": "احذف حسابك بشكل دائم.",
    "Permissions": "الأذونات",
    "Photo": "صورة",
    "Please click the button below to verify your email address.": "يرجى النقر على الزر أدناه للتحقق من عنوان بريدك الإلكتروني.",
    "Please confirm access to your account by entering one of your emergency recovery codes.": "يرجى تأكيد الوصول إلى حسابك عن طريق إدخال أحد رموز الاسترداد المخصصة لحالات الطوارئ.",
    "Please confirm access to your account by entering the authentication code provided by your authenticator application.": "يرجى تأكيد الوصول إلى حسابك عن طريق إدخال رمز المصادقة المقدم من تطبيق المصادقة الخاص بك.",
    "Please confirm your password before continuing.": "يرجى تأكيد كلمة مرورك قبل المتابعة.",
    "Please copy your new API token. For your security, it won't be shown again.": "يرجى نسخ رمز API الجديد الخاص بك. من أجل أمانك، لن يتم عرضه مرة أخرى.",
    "Please enter your password to confirm you would like to logout of your other browser sessions across all of your devices.": "الرجاء إدخال كلمة المرور الخاصة بك لتأكيد رغبتك في تسجيل الخروج من جلسات المتصفح الأخرى عبر جميع أجهزتك.",
    "Please provide the email address of the person you would like to add to this team. The email address must be associated with an existing account.": "يرجى كتابة عنوان البريد الإلكتروني للشخص الذي ترغب في إضافته إلى هذا الفريق. يجب أن يكون عنوان البريد الإلكتروني مرتبطًا بحساب موجود.",
    "Profile Information": "معلومات الملف الشخصي",
    "Profile": "الملف الشخصي",
    "Recovery Code": "رمز الاسترداد",
    "Regards": "مع التحية",
    "Regenerate Recovery Codes": "إعادة إنشاء رموز الاسترداد",
    "Register": "تسجيل",
    "Remember Me": "تذكرني",
    "Remember me": "تذكرني",
    "Remove Photo": "حذف الصورة",
    "Remove Team Member": "حذف عضو الفريق",
    "Remove": "حذف",
    "Resend Verification Email": "إعادة ارسال بريد التحقق",
    "Reset Password Notification": "تنبيه استعادة كلمة المرور",
    "Reset Password": "استعادة كلمة المرور",
    "results": "نتيجة",
    "Role": "صلاحية",
    "Save": "حفظ",
    "Saved.": "تم الحفظ.",
    "Select A New Photo": "اختيار صورة جديدة",
    "Send Password Reset Link": "أرسل رابط استعادة كلمة المرور",
    "Server Error": "خطأ في الإستضافة",
    "Service Unavailable": "الخدمة غير متوفرة",
    "Show Recovery Codes": "إظهار رموز الاسترداد",
    "Showing": "عرض",
    "Store these recovery codes in a secure password manager. They can be used to recover access to your account if your two factor authentication device is lost.": "قم بالاحتفاظ برموز الاسترداد هذه في مكان آمن. يمكن استخدامها لاستعادة الوصول إلى حسابك في حالة فقدان جهاز المصادقة الثنائية الخاص بك.",
    "Switch Teams": "تبديل الفرق",
    "Team Details": "تفاصيل الفريق",
    "Team Members": "أعضاء الفريق",
    "Team Name": "اسم الفريق",
    "Team Owner": "مالك الفريق",
    "Team Settings": "إعدادات الفريق",
    "Thanks for signing up! Before getting started, could you verify your email address by clicking on the link we just emailed to you? If you didn't receive the email, we will gladly send you another.": "شكرا لتسجيلك! قبل البدء ، هل يمكنك التحقق من عنوان بريدك الإلكتروني من خلال النقر على الرابط الذي أرسلناه إليك عبر البريد الإلكتروني للتو؟ إذا لم تتلق البريد الإلكتروني ، فسنرسل لك رسالة أخرى بكل سرور.",
    "The :attribute must be a valid role.": ":attribute يجب أن تكون صلاحية فاعلة.",
    "The :attribute must be at least :length characters and contain at least one number.": ":attribute يجب أن يتألف على الأقل من :length خانة وأن تحتوي على رقم واحد على الأقل.",
    "The :attribute must be at least :length characters and contain at least one special character.": ":attribute يجب أن يتألف على الأقل من :length خانة وأن يحتوي على حرف خاص واحد على الأقل.",
    "The :attribute must be at least :length characters and contain at least one uppercase character and one number.": ":attribute يجب أن يتألف على الأقل من :length خانة وأن يحتوي على حرف كبير واحد ورقم واحد على الأقل.",
    "The :attribute must be at least :length characters and contain at least one uppercase character and one special character.": ":attribute يجب أن يتألف على الأقل من :length خانة وأن يحتوي على حرف كبير واحد وحرف خاص واحد على الأقل.",
    "The :attribute must be at least :length characters and contain at least one uppercase character, one number, and one special character.": ":attribute يجب أن يتألف على الأقل من :length خانة وأن يحتوي على حرف كبير واحد، رقم واحد، وحرف خاص واحد على الأقل.",
    "The :attribute must be at least :length characters and contain at least one uppercase character.": ":attribute يجب أن يتألف على الأقل من :length خانة وأن يحتوي على حرف كبير واحد على الأقل.",
    "The :attribute must be at least :length characters.": ":attribute يجب أن يتألف على الأقل من :length خانة.",
    "The provided password does not match your current password.": "كلمة المرور التي قمت بإدخالها لا تطابق كلمة المرور الحالية.",
    "The provided password was incorrect.": "كلمة المرور التي قمت بإدخالها غير صحيحة.",
    "The provided two factor authentication code was invalid.": "كود المصادقة الثنائية الذي قمت بإدخاله غير صحيح.",
    "The team's name and owner information.": "اسم الفريق ومعلومات المالك.",
    "This action is unauthorized.": "عملية غير مصرّح بها.",
    "This device": "هذا الجهاز",
    "This password does not match our records.": "كلمة المرور لا تتطابق مع سجلاتنا.",
    "This password reset link will expire in :count minutes.": "ستنتهي صلاحية رابط استعادة كلمة المرور خلال :count دقيقة.",
    "This user already belongs to the team.": "هذا المستخدم ينتمي بالفعل إلى الفريق.",
    "to": "إلى",
    "Toggle navigation": "إظهار/إخفاء القائمة",
    "Token Name": "اسم الرمز",
    "Too Many Attempts.": "عدد كبير من المحاولات.",
    "Too Many Requests": "طلبات كثيرة جدًا",
    "Two factor authentication is now enabled. Scan the following QR code using your phone's authenticator application.": "تم تمكين المصادقة الثنائية الآن. امسح رمز الاستجابة السريعة التالي ضوئيًا باستخدام تطبيق المصادقة على هاتفك.",
    "Two Factor Authentication": "المصادقة الثنائية",
    "Unauthorized": "غير مصرّح",
    "Update Password": "تحديث كلمة المرور",
    "Update your account's profile information and email address.": "قم بتحديث معلومات ملفك الشخصي وبريدك الإلكتروني.",
    "Use a recovery code": "استخدم رمز الاسترداد",
    "Use an authentication code": "استخدم رمز المصادقة",
    "Verify Email Address": "التحقق من عنوان البريد الإلكتروني",
    "Verify Your Email Address": "تحقق من عنوان البريد الإلكتروني الخاص بك",
    "We were unable to find a registered user with this email address.": "لم نتمكن من العثور على مستخدم مسجل بهذا البريد الإلكتروني.",
    "We won't ask for your password again for a few hours.": "لن نطلب كلمة المرور مرة أخرى لبضع ساعات.",
    "When two factor authentication is enabled, you will be prompted for a secure, random token during authentication. You may retrieve this token from your phone's Google Authenticator application.": "عند تمكين المصادقة الثنائية، ستتم مطالبتك برمز آمن وعشوائي أثناء المصادقة. يمكنك الحصول على هذا الرمز من تطبيق Google Authenticator بهاتفك.",
    "Whoops! Something went wrong.": "عذرًا! هناك خطأ ما.",
    "Whoops!": "عذراً!",
    "You are logged in!": "لقد قمت بتسجيل الدخول!",
    "You are receiving this email because we received a password reset request for your account.": "لقد استلمت هذا الإيميل لأننا استقبلنا طلباً لاستعادة كلمة مرور حسابك.",
    "You have enabled two factor authentication.": "لقد قمت بتمكين المصادقة الثنائية.",
    "You have not enabled two factor authentication.": "لم تقم بتمكين المصادقة الثنائية.",
    "You may delete any of your existing tokens if they are no longer needed.": "يمكنك حذف أي من الرموز المميزة الموجودة لديك إذا لم تعد هناك حاجة إليها.",
    "You may not delete your personal team.": "لا يمكنك حذف فريقك الشخصي.",
    "You may not leave a team that you created.": "لا يمكنك مغادرة الفريق الذي أنشأته.",
    "Your email address is not verified.": "بريدك الإلكتروني غير موثّق."
}
