{
    "Add a new team member to your team, allowing them to collaborate with you." : "Add a new team member to your team, allowing them to collaborate with you.",
    "A fresh verification link has been sent to your email address.": "Ένας νέος σύνδεσμος επαλήθευσης έχει σταλεί στη διεύθυνση ηλεκτρονικού ταχυδρομείου σας.",
    "A new verification link has been sent to the email address you provided during registration.": "Ένας νέος σύνδεσμος επαλήθευσης έχει σταλεί στη διεύθυνση ηλεκτρονικού ταχυδρομείου που δώσατε κατά την εγγραφή σας.",
    "Add additional security to your account using two factor authentication." : "Add additional security to your account using two factor authentication.",
    "Add Team Member" : "Add Team Member",
    "Add" : "Add",
    "Added." : "Added.",
    "Administrator users can perform any action." : "Administrator users can perform any action.",
    "Administrator" : "Administrator",
    "All of the people that are part of this team." : "All of the people that are part of this team.",
    "All rights reserved.": "Πνευματική προστασία περιεχομένου.",
    "Already registered?": "Είστε ήδη εγγεγραμμένος?",
    "API Token Permissions" : "API Token Permissions",
    "API Token" : "API Token",
    "API tokens allow third-party services to authenticate with our application on your behalf." : "API tokens allow third-party services to authenticate with our application on your behalf.",
    "API Tokens" : "API Tokens",
    "Are you sure you want to delete this team? Once a team is deleted, all of its resources and data will be permanently deleted." : "Are you sure you want to delete this team? Once a team is deleted, all of its resources and data will be permanently deleted.",
    "Are you sure you want to delete your account? Once your account is deleted, all of its resources and data will be permanently deleted. Please enter your password to confirm you would like to permanently delete your account." : "Are you sure you want to delete your account? Once your account is deleted, all of its resources and data will be permanently deleted. Please enter your password to confirm you would like to permanently delete your account.",
    "Are you sure you would like to delete this API token?" : "Are you sure you would like to delete this API token?",
    "Are you sure you would like to leave this team?" : "Are you sure you would like to leave this team?",
    "Are you sure you would like to remove this person from the team?" : "Are you sure you would like to remove this person from the team?",
    "Before proceeding, please check your email for a verification link.": "Πριν συνεχίσετε, ελέγξτε το email σας για έναν σύνδεσμο επαλήθευσης.",
    "Browser Sessions" : "Browser Sessions",
    "click here to request another": "κάντε κλικ εδώ για να ζητήσετε ακόμη ένα",
    "Close" : "Close",
    "Code" : "Code",
    "Confirm Password": "Επιβεβαίωση Κωδικού",
    "Confirm" : "Confirm",
    "Create a new team to collaborate with others on projects." : "Create a new team to collaborate with others on projects.",
    "Create API Token" : "Create API Token",
    "Create New Team" : "Create New Team",
    "Create Team" : "Create Team",
    "Create" : "Create",
    "Created." : "Created.",
    "Current Password" : "Current Password",
    "Dashboard": "Dashboard",
    "Delete Account" : "Delete Account",
    "Delete API Token" : "Delete API Token",
    "Delete Team" : "Delete Team",
    "Delete" : "Delete",
    "Disable" : "Disable",
    "Done." : "Done.",
    "E-Mail Address": "Διεύθυνση E-Mail",
    "Editor users have the ability to read, create, and update." : "Editor users have the ability to read, create, and update.",
    "Editor" : "Editor",
    "Email Password Reset Link": "Αποστολή Σύνδεσμου Επαναφοράς Κωδικού",
    "Email": "Email",
    "Enable" : "Enable",
    "Ensure your account is using a long, random password to stay secure." : "Ensure your account is using a long, random password to stay secure.",
    "Error": "Σφάλμα",
    "For your security, please confirm your password to continue." : "For your security, please confirm your password to continue.",
    "Forbidden": "Απαγορευμένο",
    "Forgot your password?": "Ξεχάσατε τον κωδικό σας;",
    "Forgot your password? No problem. Just let us know your email address and we will email you a password reset link that will allow you to choose a new one.": "Ξεχάσατε τον κωδικό σας; Κανένα πρόβλημα. Δώστε μας την διεύθυνση ηλεκτρονικού ταχυδρομείου σας και θα σας στείλουμε ένα email με έναν σύνδεσμο (link), που θα σας επιστρέψει να δημιουργήσετε έναν νέο κωδικό πρόσβασης.",
    "Forgot Your Password?": "Ξεχάσατε τον κωδικό σας;",
    "Go Home": "Πήγαινε στην αρχική",
    "Go to page :page" : "Go to page :page",
    "Hello!": "Χαίρετε!",
    "hi": "γεια",
    "If necessary, you may logout of all of your other browser sessions across all of your devices. Some of your recent sessions are listed below; however, this list may not be exhaustive. If you feel your account has been compromised, you should also update your password." : "If necessary, you may logout of all of your other browser sessions across all of your devices. Some of your recent sessions are listed below; however, this list may not be exhaustive. If you feel your account has been compromised, you should also update your password.",
    "If you did not create an account, no further action is required.": "Εάν δεν δημιουργήσατε λογαριασμό, δεν απαιτείται περαιτέρω ενέργεια.",
    "If you did not receive the email": "Εάν δεν λάβατε το μήνυμα ηλεκτρονικού ταχυδρομείου",
    "If you did not request a password reset, no further action is required.": "Εάν δεν ζητήσατε επαναφορά κωδικού πρόσβασης, δεν απαιτείται περαιτέρω ενέργεια.",
    "If you’re having trouble clicking the \":actionText\" button, copy and paste the URL below\ninto your web browser:": "Αν αντιμετωπίζετε προβλήματα με το κλικ στο κουμπί \":actionText\", αντιγράψτε και επικολλήστε την παρακάτω διεύθυνση \nστο πρόγραμμα περιήγησης:",
    "Invalid signature.": "Invalid signature.",
    "Last active" : "Last active",
    "Last used" : "Last used",
    "Leave Team" : "Leave Team",
    "Leave" : "Leave",
    "Login": "Είσοδος",
    "Logout Other Browser Sessions" : "Logout Other Browser Sessions",
    "Logout": "Έξοδος",
    "Manage Account" : "Manage Account",
    "Manage and logout your active sessions on other browsers and devices." : "Manage and logout your active sessions on other browsers and devices.",
    "Manage API Tokens" : "Manage API Tokens",
    "Manage Role" : "Manage Role",
    "Manage Team" : "Manage Team",
    "Name": "Όνομα",
    "Nevermind" : "Nevermind",
    "New Password" : "New Password",
    "Not Found": "Not Found",
    "of" : "of",
    "Oh no": "Ωχ, όχι!",
    "Once a team is deleted, all of its resources and data will be permanently deleted. Before deleting this team, please download any data or information regarding this team that you wish to retain." : "Once a team is deleted, all of its resources and data will be permanently deleted. Before deleting this team, please download any data or information regarding this team that you wish to retain.",
    "Once your account is deleted, all of its resources and data will be permanently deleted. Before deleting your account, please download any data or information that you wish to retain." : "Once your account is deleted, all of its resources and data will be permanently deleted. Before deleting your account, please download any data or information that you wish to retain.",
    "Page Expired": "Η συνεδρία έληξε",
    "Page Not Found": "Η σελίδα δεν βρέθηκε",
    "Pagination Navigation" : "Pagination Navigation",
    "Password": "Κωδικός",
    "Permanently delete this team." : "Permanently delete this team.",
    "Permanently delete your account." : "Permanently delete your account.",
    "Permissions" : "Permissions",
    "Photo" : "Photo",
    "Please click the button below to verify your email address.": "Κάντε κλικ στο παρακάτω κουμπί για να επαληθεύσετε τη διεύθυνση ηλεκτρονικού ταχυδρομείου σας.",
    "Please confirm access to your account by entering one of your emergency recovery codes.": "Please confirm access to your account by entering one of your emergency recovery codes.",
    "Please confirm access to your account by entering the authentication code provided by your authenticator application.": "Please confirm access to your account by entering the authentication code provided by your authenticator application.",
    "Please confirm your password before continuing.": "Παρακαλούμε επιβεβαιώστε τον κωδικό σας προκειμέου να συνεχίσετε.",
    "Please copy your new API token. For your security, it won't be shown again." : "Please copy your new API token. For your security, it won't be shown again.",
    "Please enter your password to confirm you would like to logout of your other browser sessions across all of your devices." : "Please enter your password to confirm you would like to logout of your other browser sessions across all of your devices.",
    "Please provide the email address of the person you would like to add to this team. The email address must be associated with an existing account." : "Please provide the email address of the person you would like to add to this team. The email address must be associated with an existing account.",
    "Profile Information" : "Profile Information",
    "Profile" : "Profile",
    "Recovery Code" : "Recovery Code",
    "Regards": "Φιλικά",
    "Regenerate Recovery Codes" : "Regenerate Recovery Codes",
    "Register": "Εγγραφή",
    "Remember me" : "Remember me",
    "Remember Me": "Μείνετε συνδεμένοι",
    "Remove Photo" : "Remove Photo",
    "Remove Team Member" : "Remove Team Member",
    "Remove" : "Remove",
    "Resend Verification Email": "Επαναποστολή email επαλήθευσης",
    "Reset Password Notification": "Ειδοποίηση επαναφοράς κωδικού",
    "Reset Password": "Επαναφορά Κωδικού",
    "results" : "results",
    "Role" : "Role",
    "Save" : "Save",
    "Saved." : "Saved.",
    "Select A New Photo" : "Select A New Photo",
    "Send Password Reset Link": "Αποστολή συνδέσμου επαναφοράς κωδικού πρόσβασης",
    "Server Error": "Σφάλμα στον εξυπηρετητή (server)",
    "Service Unavailable": "Μη διαθέσιμη υπηρεσία",
    "Show Recovery Codes" : "Show Recovery Codes",
    "Showing" : "Showing",
    "Sorry, the page you are looking for could not be found.": "Λυπούμαστε, η σελίδα που ψάχνετε δεν βρέθηκε.",
    "Sorry, we are doing some maintenance. Please check back soon.": "Δυστυχώς, κάνουμε κάποια συντήρηση. Ελέγξτε ξανά σύντομα.",
    "Sorry, you are forbidden from accessing this page.": "Λυπούμαστε, απαγορεύεται να έχετε πρόσβαση σε αυτήν τη σελίδα.",
    "Sorry, you are making too many requests to our servers.": "Λυπούμαστε, κάνετε πολλά αιτήματα στους διακομιστές μας.",
    "Sorry, you are not authorized to access this page.": "Λυπούμαστε, δεν έχετε εξουσιοδότηση για πρόσβαση στη σελίδα αυτή.",
    "Sorry, your session has expired. Please refresh and try again.": "Λυπούμαστε, η σύνοδος σας έχει λήξει. Ανανεώστε τη σελίδα και δοκιμάστε ξανά.",
    "Store these recovery codes in a secure password manager. They can be used to recover access to your account if your two factor authentication device is lost." : "Store these recovery codes in a secure password manager. They can be used to recover access to your account if your two factor authentication device is lost.",
    "Switch Teams" : "Switch Teams",
    "Team Details" : "Team Details",
    "Team Members" : "Team Members",
    "Team Name" : "Team Name",
    "Team Owner" : "Team Owner",
    "Team Settings" : "Team Settings",
    "Thanks for signing up! Before getting started, could you verify your email address by clicking on the link we just emailed to you? If you didn't receive the email, we will gladly send you another." : "Thanks for signing up! Before getting started, could you verify your email address by clicking on the link we just emailed to you? If you didn't receive the email, we will gladly send you another.",
    "The :attribute must be a valid role.": "The :attribute must be a valid role.",
    "The :attribute must be at least :length characters and contain at least one number." : "The :attribute must be at least :length characters and contain at least one number.",
    "The :attribute must be at least :length characters and contain at least one special character." : "The :attribute must be at least :length characters and contain at least one special character.",
    "The :attribute must be at least :length characters and contain at least one uppercase character and one number." : "The :attribute must be at least :length characters and contain at least one uppercase character and one number.",
    "The :attribute must be at least :length characters and contain at least one uppercase character and one special character." : "The :attribute must be at least :length characters and contain at least one uppercase character and one special character.",
    "The :attribute must be at least :length characters and contain at least one uppercase character, one number, and one special character." : "The :attribute must be at least :length characters and contain at least one uppercase character, one number, and one special character.",
    "The :attribute must be at least :length characters and contain at least one uppercase character." : "The :attribute must be at least :length characters and contain at least one uppercase character.",
    "The :attribute must be at least :length characters." : "The :attribute must be at least :length characters.",
    "The provided password does not match your current password." : "The provided password does not match your current password.",
    "The provided password was incorrect." : "The provided password was incorrect.",
    "The provided two factor authentication code was invalid." : "The provided two factor authentication code was invalid.",
    "The team's name and owner information." : "The team's name and owner information.",
    "This action is unauthorized.": "Δεν έχετε εξουσιοδότηση γι' αυτή την ενέργεια.",
    "This device" : "This device",
    "This password does not match our records.": "Ο κωδικός σας, δεν αντιστοιχεί στα στοιχεία μας.",
    "This password reset link will expire in :count minutes.": "Αυτός ο σύνδεσμος επαναφοράς κωδικού, θα λήξει σε :count λεπτά.",
    "This user already belongs to the team.": "Ο χρήστης ανήκει ήδη στην ομάδα.",
    "to" : "to",
    "Toggle navigation": "Εναλλαγή πλοήγησης",
    "Token Name" : "Token Name",
    "Too Many Attempts.": "Too Many Attempts.",
    "Too Many Requests": "Πάρα πολλά αιτήματα",
    "Two factor authentication is now enabled. Scan the following QR code using your phone's authenticator application." : "Two factor authentication is now enabled. Scan the following QR code using your phone's authenticator application.",
    "Two Factor Authentication" : "Two Factor Authentication",
    "Unauthorized": "Χωρίς εξουσιοδότηση",
    "Update Password" : "Update Password",
    "Update your account's profile information and email address." : "Update your account's profile information and email address.",
    "Use a recovery code": "Use a recovery code",
    "Use an authentication code": "Χρησιμοποιήστε έναν κωδικό εξουσιοδότησης",
    "Verify Email Address": "Επιβεβαιώστε τη διεύθυνση ηλεκτρονικού ταχυδρομείου",
    "Verify Your Email Address": "Επιβεβαιώστε τη διεύθυνση ηλεκτρονικού ταχυδρομείου σας",
    "We were unable to find a registered user with this email address.": "Ήταν αδύνατο να βρούμε έναν εγγεγραμμένο χρήστη, με αυτή τη διεύθυνση ηλεκτρονικού ταχυδρομείου.",
    "We won't ask for your password again for a few hours.": "Δεν θα σας ξαναζητήσουμε τον κωδικό σας για μερικές ώρες.",
    "When two factor authentication is enabled, you will be prompted for a secure, random token during authentication. You may retrieve this token from your phone's Google Authenticator application." : "When two factor authentication is enabled, you will be prompted for a secure, random token during authentication. You may retrieve this token from your phone's Google Authenticator application.",
    "Whoops, something went wrong on our servers.": "Ουπς, κάτι πήγε στραβά.",
    "Whoops! Something went wrong." : "Whoops! Something went wrong.",
    "Whoops!": "Ουπς!",
    "You are logged in!": "Έχετε συνδεθεί!",
    "You are receiving this email because we received a password reset request for your account.": "Λαμβάνετε αυτό το μήνυμα ηλεκτρονικού ταχυδρομείου επειδή λάβαμε ένα αίτημα επαναφοράς κωδικού πρόσβασης για το λογαριασμό σας.",
    "You have enabled two factor authentication." : "You have enabled two factor authentication.",
    "You have not enabled two factor authentication." : "You have not enabled two factor authentication.",
    "You may delete any of your existing tokens if they are no longer needed." : "You may delete any of your existing tokens if they are no longer needed.",
    "You may not delete your personal team.": "You may not delete your personal team.",
    "You may not leave a team that you created.": "You may not leave a team that you created.",
    "Your email address is not verified.": "Δεν έχετε επαληθεύσει τη διεύθυνση ηλεκτρονικού ταχυδρομείου σας."
}
