{
    "Add a new team member to your team, allowing them to collaborate with you." : "Add a new team member to your team, allowing them to collaborate with you.",
    "A fresh verification link has been sent to your email address.": "Baieztapen esteka berri bat bidali da zure helbide elektronikora.",
    "A new verification link has been sent to the email address you provided during registration.": "A new verification link has been sent to the email address you provided during registration.",
    "Add additional security to your account using two factor authentication." : "Add additional security to your account using two factor authentication.",
    "Add Team Member" : "Add Team Member",
    "Add" : "Add",
    "Added." : "Added.",
    "Administrator users can perform any action." : "Administrator users can perform any action.",
    "Administrator" : "Administrator",
    "All of the people that are part of this team." : "All of the people that are part of this team.",
    "All rights reserved.": "Eskubide guztiak erreserbatuta.",
    "Already registered?": "Already registered?",
    "API Token Permissions" : "API Token Permissions",
    "API Token" : "API Token",
    "API tokens allow third-party services to authenticate with our application on your behalf." : "API tokens allow third-party services to authenticate with our application on your behalf.",
    "API Tokens" : "API Tokens",
    "Are you sure you want to delete this team? Once a team is deleted, all of its resources and data will be permanently deleted." : "Are you sure you want to delete this team? Once a team is deleted, all of its resources and data will be permanently deleted.",
    "Are you sure you want to delete your account? Once your account is deleted, all of its resources and data will be permanently deleted. Please enter your password to confirm you would like to permanently delete your account." : "Are you sure you want to delete your account? Once your account is deleted, all of its resources and data will be permanently deleted. Please enter your password to confirm you would like to permanently delete your account.",
    "Are you sure you would like to delete this API token?" : "Are you sure you would like to delete this API token?",
    "Are you sure you would like to leave this team?" : "Are you sure you would like to leave this team?",
    "Are you sure you would like to remove this person from the team?" : "Are you sure you would like to remove this person from the team?",
    "Before proceeding, please check your email for a verification link.": "Jarraitu aurretik, begiratu zure posta elektronikoan baieztapen estekarik baden.",
    "Browser Sessions" : "Browser Sessions",
    "click here to request another": "egin klik hemen beste bat eskatzeko",
    "Close" : "Close",
    "Code" : "Code",
    "Confirm Password": "Berretsi pasahitza",
    "Confirm" : "Confirm",
    "Create a new team to collaborate with others on projects." : "Create a new team to collaborate with others on projects.",
    "Create API Token" : "Create API Token",
    "Create New Team" : "Create New Team",
    "Create Team" : "Create Team",
    "Create" : "Create",
    "Created." : "Created.",
    "Current Password" : "Current Password",
    "Delete Account" : "Delete Account",
    "Delete API Token" : "Delete API Token",
    "Delete Team" : "Delete Team",
    "Delete" : "Delete",
    "Disable" : "Disable",
    "Done." : "Done.",
    "E-Mail Address": "Helbide elektronikoa",
    "Editor users have the ability to read, create, and update." : "Editor users have the ability to read, create, and update.",
    "Editor" : "Editor",
    "Email Password Reset Link": "Email Password Reset Link",
    "Email": "Email",
    "Enable" : "Enable",
    "Ensure your account is using a long, random password to stay secure." : "Ensure your account is using a long, random password to stay secure.",
    "Error": "Errorea",
    "For your security, please confirm your password to continue." : "For your security, please confirm your password to continue.",
    "Forbidden": "Debekatua",
    "Forgot your password? No problem. Just let us know your email address and we will email you a password reset link that will allow you to choose a new one.": "Forgot your password? No problem. Just let us know your email address and we will email you a password reset link that will allow you to choose a new one.",
    "Forgot your password?": "Forgot your password?",
    "Forgot Your Password?": "Pasahitza ahaztu duzu?",
    "Go Home": "Joan etxera",
    "Go to page :page" : "Go to page :page",
    "Hello!": "Kaixo!",
    "hi": "iepa",
    "If necessary, you may logout of all of your other browser sessions across all of your devices. Some of your recent sessions are listed below; however, this list may not be exhaustive. If you feel your account has been compromised, you should also update your password." : "If necessary, you may logout of all of your other browser sessions across all of your devices. Some of your recent sessions are listed below; however, this list may not be exhaustive. If you feel your account has been compromised, you should also update your password.",
    "If you did not create an account, no further action is required.": "Ez baduzu konturik sortu, ez duzu ezer egin behar.",
    "If you did not receive the email": "Ez baduzu posta elektronikorik jaso",
    "If you did not request a password reset, no further action is required.": "Ez baduzu pasahitza berrezartzea eskatu, ez duzu ezer egin behar.",
    "If you’re having trouble clicking the \":actionText\" button, copy and paste the URL below\ninto your web browser:": "\":actionText\" botoian klik egitean arazoak badituzu, kopiatu eta itsatsi beheko URLa\nnabigatzailean:",
    "Last active" : "Last active",
    "Last used" : "Last used",
    "Leave Team" : "Leave Team",
    "Leave" : "Leave",
    "Login": "Hasi saioa",
    "Logout Other Browser Sessions" : "Logout Other Browser Sessions",
    "Logout": "Amaitu saioa",
    "Manage Account" : "Manage Account",
    "Manage and logout your active sessions on other browsers and devices." : "Manage and logout your active sessions on other browsers and devices.",
    "Manage API Tokens" : "Manage API Tokens",
    "Manage Role" : "Manage Role",
    "Manage Team" : "Manage Team",
    "Name": "Izena",
    "Nevermind" : "Nevermind",
    "New Password" : "New Password",
    "of" : "of",
    "Oh no": "Oh, ez",
    "Once a team is deleted, all of its resources and data will be permanently deleted. Before deleting this team, please download any data or information regarding this team that you wish to retain." : "Once a team is deleted, all of its resources and data will be permanently deleted. Before deleting this team, please download any data or information regarding this team that you wish to retain.",
    "Once your account is deleted, all of its resources and data will be permanently deleted. Before deleting your account, please download any data or information that you wish to retain." : "Once your account is deleted, all of its resources and data will be permanently deleted. Before deleting your account, please download any data or information that you wish to retain.",
    "Page Expired": "Orria iraungi da",
    "Page Not Found": "Orria ez da aurkitu",
    "Pagination Navigation" : "Pagination Navigation",
    "Password": "Pasahitza",
    "Permanently delete this team." : "Permanently delete this team.",
    "Permanently delete your account." : "Permanently delete your account.",
    "Permissions" : "Permissions",
    "Photo" : "Photo",
    "Please click the button below to verify your email address.": "Egin klik beheko botoian helbide elektronikoa baieztatzeko.",
    "Please confirm access to your account by entering one of your emergency recovery codes.": "Please confirm access to your account by entering one of your emergency recovery codes.",
    "Please confirm access to your account by entering the authentication code provided by your authenticator application.": "Please confirm access to your account by entering the authentication code provided by your authenticator application.",
    "Please copy your new API token. For your security, it won't be shown again." : "Please copy your new API token. For your security, it won't be shown again.",
    "Please enter your password to confirm you would like to logout of your other browser sessions across all of your devices." : "Please enter your password to confirm you would like to logout of your other browser sessions across all of your devices.",
    "Please provide the email address of the person you would like to add to this team. The email address must be associated with an existing account." : "Please provide the email address of the person you would like to add to this team. The email address must be associated with an existing account.",
    "Profile Information" : "Profile Information",
    "Profile" : "Profile",
    "Recovery Code" : "Recovery Code",
    "Regards": "Eskuminak",
    "Regenerate Recovery Codes" : "Regenerate Recovery Codes",
    "Register": "Erregistratu",
    "Remember me" : "Remember me",
    "Remember Me": "Gogora nazazu",
    "Remove Photo" : "Remove Photo",
    "Remove Team Member" : "Remove Team Member",
    "Remove" : "Remove",
    "Resend Verification Email": "Resend Verification Email",
    "Reset Password Notification": "Pasahitza berrezartzeko jakinarazpena",
    "Reset Password": "Berrezarri pasahitza",
    "results" : "results",
    "Role" : "Role",
    "Save" : "Save",
    "Saved." : "Saved.",
    "Select A New Photo" : "Select A New Photo",
    "Send Password Reset Link": "Bidali pasahitza berrezartzeko esteka",
    "Service Unavailable": "Zerbitzua ez dago erabilgarri",
    "Show Recovery Codes" : "Show Recovery Codes",
    "Showing" : "Showing",
    "Sorry, the page you are looking for could not be found.": "Barkatu, bila ari zaren orria ezin izan dugu aurkitu.",
    "Sorry, we are doing some maintenance. Please check back soon.": "Barkatu, mantenu lanetan ari gara. Mesedez saiatu beranduago.",
    "Sorry, you are forbidden from accessing this page.": "Barkatu, orri hau atzitzea debekatuta daukazu.",
    "Sorry, you are making too many requests to our servers.": "Barkatu, gure zerbitzariei eskaera gehiegi egiten ari zara.",
    "Sorry, you are not authorized to access this page.": "Barkatu, ez daukazu orri hau atzitzeko baimenik.",
    "Sorry, your session has expired. Please refresh and try again.": "Barkatu, zure saioa iraungi da. Freskatu eta saiatu berriro.",
    "Store these recovery codes in a secure password manager. They can be used to recover access to your account if your two factor authentication device is lost." : "Store these recovery codes in a secure password manager. They can be used to recover access to your account if your two factor authentication device is lost.",
    "Switch Teams" : "Switch Teams",
    "Team Details" : "Team Details",
    "Team Members" : "Team Members",
    "Team Name" : "Team Name",
    "Team Owner" : "Team Owner",
    "Team Settings" : "Team Settings",
    "Thanks for signing up! Before getting started, could you verify your email address by clicking on the link we just emailed to you? If you didn't receive the email, we will gladly send you another." : "Thanks for signing up! Before getting started, could you verify your email address by clicking on the link we just emailed to you? If you didn't receive the email, we will gladly send you another.",
    "The :attribute must be a valid role.": "The :attribute must be a valid role.",
    "The :attribute must be at least :length characters and contain at least one number." : "The :attribute must be at least :length characters and contain at least one number.",
    "The :attribute must be at least :length characters and contain at least one special character." : "The :attribute must be at least :length characters and contain at least one special character.",
    "The :attribute must be at least :length characters and contain at least one uppercase character and one number." : "The :attribute must be at least :length characters and contain at least one uppercase character and one number.",
    "The :attribute must be at least :length characters and contain at least one uppercase character and one special character." : "The :attribute must be at least :length characters and contain at least one uppercase character and one special character.",
    "The :attribute must be at least :length characters and contain at least one uppercase character, one number, and one special character." : "The :attribute must be at least :length characters and contain at least one uppercase character, one number, and one special character.",
    "The :attribute must be at least :length characters and contain at least one uppercase character." : "The :attribute must be at least :length characters and contain at least one uppercase character.",
    "The :attribute must be at least :length characters." : "The :attribute must be at least :length characters.",
    "The provided password does not match your current password." : "The provided password does not match your current password.",
    "The provided password was incorrect." : "The provided password was incorrect.",
    "The provided two factor authentication code was invalid." : "The provided two factor authentication code was invalid.",
    "The team's name and owner information." : "The team's name and owner information.",
    "This device" : "This device",
    "This password does not match our records.": "This password does not match our records.",
    "This user already belongs to the team.": "This user already belongs to the team.",
    "to" : "to",
    "Toggle navigation": "Txandakatu nabigazioa",
    "Token Name" : "Token Name",
    "Too Many Requests": "Eskaera gehiegi",
    "Two factor authentication is now enabled. Scan the following QR code using your phone's authenticator application." : "Two factor authentication is now enabled. Scan the following QR code using your phone's authenticator application.",
    "Two Factor Authentication" : "Two Factor Authentication",
    "Unauthorized": "Baimendu gabea",
    "Update Password" : "Update Password",
    "Update your account's profile information and email address." : "Update your account's profile information and email address.",
    "Use a recovery code": "Use a recovery code",
    "Use an authentication code": "Use an authentication code",
    "Verify Email Address": "Baieztatu helbide elektronikoa",
    "Verify Your Email Address": "Baieztatu zure helbide elektronikoa",
    "We were unable to find a registered user with this email address.": "We were unable to find a registered user with this email address.",
    "When two factor authentication is enabled, you will be prompted for a secure, random token during authentication. You may retrieve this token from your phone's Google Authenticator application." : "When two factor authentication is enabled, you will be prompted for a secure, random token during authentication. You may retrieve this token from your phone's Google Authenticator application.",
    "Whoops, something went wrong on our servers.": "Ene bada, arazo bat dago gure zerbitzarietan.",
    "Whoops! Something went wrong." : "Whoops! Something went wrong.",
    "Whoops!": "Ene bada!",
    "You are receiving this email because we received a password reset request for your account.": "Zure kontutik pasahitza berrezartzeko eskaera bat jaso genuelako jaso duzu posta elektroniko hau.",
    "You have enabled two factor authentication." : "You have enabled two factor authentication.",
    "You have not enabled two factor authentication." : "You have not enabled two factor authentication.",
    "You may delete any of your existing tokens if they are no longer needed." : "You may delete any of your existing tokens if they are no longer needed.",
    "You may not delete your personal team.": "You may not delete your personal team.",
    "You may not leave a team that you created.": "You may not leave a team that you created."
}
