{
    "A fresh verification link has been sent to your email address.": "קישור חדש לאימות נשלח לדואר האלקטרוני שלך.",
    "A new verification link has been sent to the email address you provided during registration.": "A new verification link has been sent to the email address you provided during registration.",
    "All rights reserved.": "כל הזכויות שמורות",
    "Already registered?": "Already registered?",
    "Before proceeding, please check your email for a verification link.": "לפני שתמשיכו, אנא בדקו בדואר הלאקטרוני שלכם אחר קישור האימות.",
    "click here to request another": "הקליקו כאן לבקשת אחד חדש",
    "Confirm Password": "אימות סיסמה",
    "E-Mail Address": "דואר אלקטרוני",
    "Email Password Reset Link": "Email Password Reset Link",
    "Email": "Email",
    "Forbidden": "אסור",
    "Forgot your password? No problem. Just let us know your email address and we will email you a password reset link that will allow you to choose a new one.": "Forgot your password? No problem. Just let us know your email address and we will email you a password reset link that will allow you to choose a new one.",
    "Forgot your password?": "Forgot your password?",
    "Forgot Your Password?": "שכחתם את הסיסמה?",
    "Go Home": "חזרה לדף הבית",
    "Hello!": "שלום!",
    "If you did not create an account, no further action is required.": "אם לא יצרתם את החשבון, אין צורך לעשות דבר.",
    "If you did not receive the email": "אם לא קיבלתם את המייל",
    "If you did not request a password reset, no further action is required.": "אם לא ביקשתם לאפס את הסיסמה, אין צורך לעשות דבר.",
    "If you’re having trouble clicking the \":actionText\" button, copy and paste the URL below\ninto your web browser:": " אם אתם נתקלים בבעיה ללחוץ על \":actionText\", אנא העתיקו את הקישור המופיע מטה לתוך שורת הכתובות",
    "Invalid signature.": "חתימה אינה תקינה.",
    "Login": "התחברות",
    "Logout": "התנתקות",
    "Name": "שם",
    "Not Found": "לא נמצא",
    "Oh no": "אוי, לא",
    "Page Expired": "תוקף הדף פג",
    "Password": "סיסמה",
    "Please click the button below to verify your email address.": "אנא לחצו על הכפתור מטה לאימות הדואר האלקטרוני שלכם.",
    "Please confirm access to your account by entering one of your emergency recovery codes.": "Please confirm access to your account by entering one of your emergency recovery codes.",
    "Please confirm access to your account by entering the authentication code provided by your authenticator application.": "Please confirm access to your account by entering the authentication code provided by your authenticator application.",
    "Regards": "בברכה",
    "Register": "הרשמה",
    "Remember Me": "זכור אותי",
    "Resend Verification Email": "Resend Verification Email",
    "Reset Password Notification": "הודעת איפוס סיסמה",
    "Reset Password": "איפוס סיסמה",
    "Send Password Reset Link": "שלח קישור לאיפוס הסיסמה",
    "Server Error": "תקלת שרת",
    "Service Unavailable": "השירות אינו זמין",
    "The :attribute must be a valid role.": "The :attribute must be a valid role.",
    "This action is unauthorized.": "הפעולה הזו אינה מורשית.",
    "This password does not match our records.": "This password does not match our records.",
    "This password reset link will expire in :count minutes.": "תוקף הקישור הזה ייגמר בעוד :count דקות.",
    "This user already belongs to the team.": "This user already belongs to the team.",
    "Toggle navigation": "שינוי מצב ניווט",
    "Too Many Attempts.": "יותר מדי נסיונות.",
    "Too Many Requests": "יותר מדי בקשות.",
    "Unauthorized": "לא מורשה",
    "Use a recovery code": "Use a recovery code",
    "Use an authentication code": "Use an authentication code",
    "Verify Email Address": "אימות דואר אלקטרוני",
    "Verify Your Email Address": "אימות הדואר האלקטורני שלך",
    "We were unable to find a registered user with this email address.": "We were unable to find a registered user with this email address.",
    "Whoops!": "אוופס!",
    "You are receiving this email because we received a password reset request for your account.": "קיבלתם את המייל הזה מכיוון שקיבלנו בקשה לאיפוס הסיסמה עבור החשבון שלכם.",
    "You may not delete your personal team.": "You may not delete your personal team.",
    "You may not leave a team that you created.": "You may not leave a team that you created.",
    "Your email address is not verified.": "כתובת הדואר האלקטורני שלכם אינה מאומתת."
}
