{
    "A fresh verification link has been sent to your email address.": "Új hitelesítő hivatkozást küldtünk e-mail címére.",
    "A new verification link has been sent to the email address you provided during registration.": "A new verification link has been sent to the email address you provided during registration.",
    "All rights reserved.": "Minden jog fenntartva.",
    "Already registered?": "Already registered?",
    "Before proceeding, please check your email for a verification link.": "Továbblépés előtt ellenőrizze e-mail címén a jelszó helyreállító hivatkozást.",
    "click here to request another": "kattintson ide új igényléséhez",
    "Confirm Password": "Jelszó megerősítése",
    "E-Mail Address": "E-mail cím",
    "Email Password Reset Link": "Email Password Reset Link",
    "Email": "Email",
    "Forbidden": "Tiltott",
    "Forgot your password? No problem. Just let us know your email address and we will email you a password reset link that will allow you to choose a new one.": "Forgot your password? No problem. Just let us know your email address and we will email you a password reset link that will allow you to choose a new one.",
    "Forgot Your Password?": "Elfelejtett jelszó?",
    "Forgot your password?": "Forgot your password?",
    "Go Home": "Főoldalra",
    "Hello!": "Helló!",
    "If you did not create an account, no further action is required.": "Ha nem Ön hozta létre ezt a fiókot, akkor nincs további teendője.",
    "If you did not receive the email": "Ha nem kapta meg az üzenetet",
    "If you did not request a password reset, no further action is required.": "Ha nem kezdeményzett jelszó helyreállítást, nincs további teendője.",
    "If you’re having trouble clicking the \":actionText\" button, copy and paste the URL below\ninto your web browser:": "Ha problémákba ütközik a \":actionText\" gombra kattintáskor, másolja be az allábi hivatkozást\na böngészőjébe:",
    "Invalid signature.": "Érvénytelen aláírás.",
    "Login": "Bejelentkezés",
    "Logout": "Kijelentkezés",
    "Name": "Név",
    "Not Found": "Nem található",
    "Oh no": "Ó ne",
    "Page Expired": "Lejárt oldal",
    "Password": "Jelszó",
    "Please click the button below to verify your email address.": "Kérjük kattintson az alábbi gombra az e-mail címe megerősítéséhez.",
    "Please confirm access to your account by entering one of your emergency recovery codes.": "Please confirm access to your account by entering one of your emergency recovery codes.",
    "Please confirm access to your account by entering the authentication code provided by your authenticator application.": "Please confirm access to your account by entering the authentication code provided by your authenticator application.",
    "Please confirm your password before continuing.": "Kérjük erősítse meg a jelszavát, mielőtt folytatná.",
    "Regards": "Üdvözlettel",
    "Register": "Regisztráció",
    "Remember Me": "Emlékezzen rám",
    "Resend Verification Email": "Resend Verification Email",
    "Reset Password Notification": "Jelszó helyreállítás emlékeztető",
    "Reset Password": "Jelszó helyreállítás",
    "Send Password Reset Link": "Jelszó helyreállító hivatkozás küldése",
    "Server Error": "Szerver hiba",
    "Service Unavailable": "Szolgáltatás nem elérhető",
    "The :attribute must be a valid role.": "The :attribute must be a valid role.",
    "This action is unauthorized.": "Ez a művelet nem engedélyezett.",
    "This password does not match our records.": "This password does not match our records.",
    "This password reset link will expire in :count minutes.": "Ez a jelszó helyreállító hivatkozás :count perc múlva le fog járni.",
    "This user already belongs to the team.": "This user already belongs to the team.",
    "Toggle navigation": "Navigáció be/ki",
    "Too Many Attempts.": "Túl sok próbálkozás.",
    "Too Many Requests": "Túl sok lekérés",
    "Unauthorized": "Jogosulatlan",
    "Use a recovery code": "Use a recovery code",
    "Use an authentication code": "Use an authentication code",
    "Verify Email Address": "E-mail cím megerősítése",
    "Verify Your Email Address": "Erősítse meg e-mail címét",
    "We were unable to find a registered user with this email address.": "We were unable to find a registered user with this email address.",
    "We won't ask for your password again for a few hours.": "Néhány órán keresztül nem fogjuk újra kérni a jelszavát.",
    "Whoops!": "Hoppá!",
    "You are receiving this email because we received a password reset request for your account.": "Azért kapja ezt az üzenetet, mert a fiókjára jelszó helyreállítási kérés érkezett.",
    "You may not delete your personal team.": "You may not delete your personal team.",
    "You may not leave a team that you created.": "You may not leave a team that you created.",
    "Your email address is not verified.": "Az e-mail címe nincs megerősítve."
}
