{
    "A fresh verification link has been sent to your email address.": "Un nuovo link di verifica è stato inviato al tuo indirizzo email.",
    "A new verification link has been sent to the email address you provided during registration.": "Un nuovo link di verifica è stato inviato all'indirizzo email fornito durante la registrazione.",
    "Add a new team member to your team, allowing them to collaborate with you.": "Aggiungi un nuovo membro del team al tuo team, consentendogli di collaborare con te.",
    "Add additional security to your account using two factor authentication.": "Aggiungi ulteriore sicurezza al tuo account utilizzando l'autenticazione a due fattori.",
    "Add Team Member": "Aggiungi membro del Team",
    "Add": "Aggiungi",
    "Added.": "Aggiunto.",
    "Administrator users can perform any action.": "Gli amministratori possono eseguire qualsiasi azione.",
    "Administrator": "Amministratore",
    "All of the people that are part of this team.": "Tutte le persone che fanno parte di questo team.",
    "All rights reserved.": "Tutti i diritti riservati",
    "Already registered?": "Già registrato?",
    "API Token Permissions": "Permessi del Token API",
    "API Token": "Token API",
    "API tokens allow third-party services to authenticate with our application on your behalf.": "I Token API consentono ai servizi di terze parti di autenticarsi con la nostra applicazione per tuo conto.",
    "API Tokens": "Token API",
    "Are you sure you want to delete this team? Once a team is deleted, all of its resources and data will be permanently deleted.": "Sei sicuro di voler eliminare questo Team? Una volta eliminato, tutte le sue risorse e i relativi dati verranno eliminati definitivamente.",
    "Are you sure you want to delete your account? Once your account is deleted, all of its resources and data will be permanently deleted. Please enter your password to confirm you would like to permanently delete your account.": "Sei sicuro di voler eliminare il tuo account? Una volta eliminato, tutte le sue risorse e i relativi verranno eliminati definitivamente. Inserisci la tua password per confermare che desideri eliminare definitivamente il tuo account.",
    "Are you sure you would like to delete this API token?": "Sei sicuro di voler eliminare questo Token API?",
    "Are you sure you would like to leave this team?": "Sei sicuro di voler abbandonare questo Team?",
    "Are you sure you would like to remove this person from the team?": "Sei sicuro di voler rimuovere questa persona dal team?",
    "Before proceeding, please check your email for a verification link.": "Prima di continuare, controlla la tua casella mail per il link di verifica",
    "Browser Sessions": "Sessioni del Browser",
    "click here to request another": "clicca qui per richiederne un altro",
    "Close": "Chiudi",
    "Code": "Codice",
    "Confirm Password": "Conferma Password",
    "Confirm": "Conferma",
    "Create a new team to collaborate with others on projects.": "Crea un nuovo team per collaborare con altri ai progetti.",
    "Create API Token": "Crea Token API",
    "Create New Team": "Crea nuovo Team",
    "Create Team": "Crea Team",
    "Create": "Crea",
    "Created.": "Creato.",
    "Current Password": "Password attuale",
    "Dashboard": "Dashboard",
    "Delete Account": "Elimina Account",
    "Delete API Token": "Elimina Token API",
    "Delete Team": "Elimina Team",
    "Delete": "Elimina",
    "Disable": "Disabilita",
    "Done.": "Fatto.",
    "E-Mail Address": "Indirizzo email",
    "Editor users have the ability to read, create, and update.": "Gli Editor hanno la possibilità di leggere, creare e aggiornare.",
    "Editor": "Editor",
    "Email Password Reset Link": "Invia link di reset della password",
    "Email": "Email",
    "Enable": "Abilita",
    "Ensure your account is using a long, random password to stay secure.": "Assicurati che il tuo account utilizzi una password lunga e casuale per rimanere al sicuro.",
    "Error": "Errore",
    "For your security, please confirm your password to continue.": "Per la tua sicurezza, conferma la tua password per continuare.",
    "Forbidden": "Vietato",
    "Forgot your password? No problem. Just let us know your email address and we will email you a password reset link that will allow you to choose a new one.": "Hai dimenticato la password? Nessun problema. Comunicaci il tuo indirizzo email e ti invieremo il link per il reset della password che ti consentirà di sceglierne una nuova.",
    "Forgot your password?": "Hai smarrito la password?",
    "Forgot Your Password?": "Hai smarrito la password?",
    "Go Home": "Vai alla Home",
    "Go to page :page": "Vai alla pagina :page",
    "Hello!": "Ciao!",
    "hi": "ciao",
    "If necessary, you may logout of all of your other browser sessions across all of your devices. Some of your recent sessions are listed below; however, this list may not be exhaustive. If you feel your account has been compromised, you should also update your password.": "Se necessario, puoi disconnetterti da tutte le altre sessioni del browser su tutti i tuoi dispositivi. Se ritieni che il tuo account sia stato compromesso, dovresti anche aggiornare la tua password.",
    "If you did not create an account, no further action is required.": "Se non hai creato un account, non è richiesta alcuna azione.",
    "If you did not receive the email": "Se non hai ricevuto l'email",
    "If you did not request a password reset, no further action is required.": "Se non hai richiesto un reset della password, non è richiesta alcuna azione.",
    "If you’re having trouble clicking the \":actionText\" button, copy and paste the URL below\ninto your web browser:": "Se non puoi cliccare su \":actionText\", copia e incolla l'URL qui sotto\nnella barra degli indirizzi del tuo browser:",
    "Invalid signature.": "Firma non valida",
    "Last active": "Ultima volta attivo",
    "Last used": "Ultimo utilizzo",
    "Leave Team": "Abbandona Team",
    "Leave": "Abbandona",
    "Login": "Accedi",
    "Logout Other Browser Sessions": "Esci da altre sessioni del Browser",
    "Logout": "Esci",
    "Manage Account": "Gestisci Account",
    "Manage and logout your active sessions on other browsers and devices.": "Gestisci e disconnetti le tue sessioni attive su altri browser e dispositivi.",
    "Manage API Tokens": "Gestisci Token API",
    "Manage Role": "Gestisci Ruoli",
    "Manage Team": "Gestisci Team",
    "Name": "Nome",
    "Nevermind": "Annulla",
    "New Password": "Nuova password",
    "Not Found": "Non trovato",
    "of": "di",
    "Oh no": "Oh no",
    "Once a team is deleted, all of its resources and data will be permanently deleted. Before deleting this team, please download any data or information regarding this team that you wish to retain.": "Una volta eliminato un team, tutte le sue risorse e i relativi dati verranno eliminati definitivamente. Prima di eliminare questo team, scarica tutti i dati o le relative informazioni che desideri conservare.",
    "Once your account is deleted, all of its resources and data will be permanently deleted. Before deleting your account, please download any data or information that you wish to retain.": "Una volta eliminato il tuo account, tutte le sue risorse e i relativi dati verranno eliminati definitivamente. Prima di eliminarlo, scarica tutti i dati o le informazioni che desideri conservare.",
    "Page Expired": "Pagina scaduta",
    "Page Not Found": "Pagina non trovata",
    "Pagination Navigation": "Navigazione della Paginazione",
    "Password": "Password",
    "Permanently delete this team.": "Elimina definitivamente questo team.",
    "Permanently delete your account.": "Elimina definitivamente il tuo account.",
    "Permissions": "Permessi",
    "Photo": "Foto",
    "Please click the button below to verify your email address.": "Clicca sul buttone qui sotto per verificare il tuo indirizzo email.",
    "Please confirm access to your account by entering one of your emergency recovery codes.": "Conferma l'accesso al tuo account inserendo uno dei tuoi codici di ripristino di emergenza.",
    "Please confirm access to your account by entering the authentication code provided by your authenticator application.": "Conferma l'accesso al tuo account inserendo il codice di autenticazione fornito dalla tua applicazione di autenticazione.",
    "Please confirm your password before continuing.": "Conferma la tua password prima di continuare.",
    "Please copy your new API token. For your security, it won't be shown again.": "Copia il tuo nuovo Token API. Per la tua sicurezza, non verrà più mostrato.",
    "Please enter your password to confirm you would like to logout of your other browser sessions across all of your devices.": "Inserisci la tua password per confermare che desideri disconnetterti dalle altre sessioni del browser su tutti i tuoi dispositivi.",
    "Please provide the email address of the person you would like to add to this team. The email address must be associated with an existing account.": "Fornisci l'indirizzo email della persona che desideri aggiungere a questo team. L'indirizzo email deve essere associato ad un account esistente.",
    "Profile Information": "Informazioni Profilo",
    "Profile": "Profilo",
    "Recovery Code": "Codice di ripristino",
    "Regards": "Distinti saluti",
    "Regenerate Recovery Codes": "Rigenera codici di ripristino",
    "Register": "Registrati",
    "Remember me": "Ricordami",
    "Remember Me": "Ricordami",
    "Remove Photo": "Rimuovi Foto",
    "Remove Team Member": "Rimuovi membro del Team",
    "Remove": "Rimuovi",
    "Resend Verification Email": "Invia nuovamente email di verifica",
    "Reset Password Notification": "Notifica di reset della password",
    "Reset Password": "Reset password",
    "results": "risultati",
    "Role": "Ruolo",
    "Save": "Salva",
    "Saved.": "Salvato.",
    "Select A New Photo": "Seleziona una nuova foto",
    "Send Password Reset Link": "Invia link per il reset della password",
    "Server Error": "Errore server",
    "Service Unavailable": "Servizio non disponibile",
    "Show Recovery Codes": "Mostra codici di ripristino",
    "Showing": "Mostra",
    "Sorry, the page you are looking for could not be found.": "Siamo spiacenti, la pagina che stai cercando non è stata trovata.",
    "Sorry, we are doing some maintenance. Please check back soon.": "Siamo spiacenti, siamo in fase di manutenzione. Torna presto.",
    "Sorry, you are forbidden from accessing this page.": "Siamo spiacenti, non hai il permesso per accedere a questa pagina.",
    "Sorry, you are making too many requests to our servers.": "Siamo spiacenti, stai eseguendo troppe richieste ai nostri server.",
    "Sorry, you are not authorized to access this page.": "Siamo spiacenti, non sei autorizzato ad accedere a questa pagina.",
    "Sorry, your session has expired. Please refresh and try again.": "Siamo spiacenti, la tua sessione è scaduta. Ricarica la pagina e riprova.",
    "Store these recovery codes in a secure password manager. They can be used to recover access to your account if your two factor authentication device is lost.": "Salva questi codici di ripristino in un gestore di password sicuro. Possono essere utilizzati per ripristinare l'accesso al tuo account se il dispositivo di autenticazione a due fattori viene smarrito.",
    "Switch Teams": "Cambia Team",
    "Team Details": "Dettagli Team",
    "Team Members": "Membri del Team",
    "Team Name": "Nome del Team",
    "Team Owner": "Proprietario del Team",
    "Team Settings": "Impostazioni del Team",
    "Thanks for signing up! Before getting started, could you verify your email address by clicking on the link we just emailed to you? If you didn't receive the email, we will gladly send you another.": "Grazie per esserti iscritto! Prima di iniziare, potresti verificare il tuo indirizzo cliccando sul link che ti abbiamo appena inviato via email? Se non hai ricevuto l'email, te ne invieremo volentieri un'altra.",
    "The :attribute must be a valid role.": ":attribute deve avere un ruolo valido.",
    "The :attribute must be at least :length characters and contain at least one number.": ":attribute deve contenere almeno :length caratteri ed un numero.",
    "The :attribute must be at least :length characters and contain at least one special character.": ":attribute deve contenere almeno :length caratteri ed un carattere speciale.",
    "The :attribute must be at least :length characters and contain at least one uppercase character and one number.": ":attribute deve contenere almeno :length caratteri, una maiuscola e un numero.",
    "The :attribute must be at least :length characters and contain at least one uppercase character and one special character.": ":attribute deve contenere almeno :length caratteri, una maiuscola e un carattere speciale.",
    "The :attribute must be at least :length characters and contain at least one uppercase character, one number, and one special character.": ":attribute deve contenere almeno :length caratteri, una maiuscola, un numero e un carattere speciale.",
    "The :attribute must be at least :length characters and contain at least one uppercase character.": ":attribute deve contenere almeno :length caratteri e una maiuscola.",
    "The :attribute must be at least :length characters.": ":attribute deve contenere almeno :length caratteri.",
    "The provided password does not match your current password.": "La password fornita non corrisponde alla password corrente.",
    "The provided password was incorrect.": "La password fornita non è corretta.",
    "The provided two factor authentication code was invalid.": "Il codice di autenticazione a due fattori fornito non è valido.",
    "The team's name and owner information.": "Il nome del team e le informazioni sul proprietario.",
    "This action is unauthorized.": "Azione non autorizzata.",
    "This device": "Questo dispositivo",
    "This password does not match our records.": "Questa password non corrisponde ai nostri record.",
    "This password reset link will expire in :count minutes.": "Questo link di reset della password scadrà tra :count minuti.",
    "This user already belongs to the team.": "Questo utente fa già parte del team.",
    "to": "a",
    "Toggle navigation": "Cambia navigazione",
    "Token Name": "Nome del Token",
    "Too Many Attempts.": "Troppi tentativi.",
    "Too Many Requests": "Troppe richieste",
    "Two factor authentication is now enabled. Scan the following QR code using your phone's authenticator application.": "L'autenticazione a due fattori è ora abilitata. Scansiona il seguente codice QR utilizzando l'applicazione di autenticazione del tuo telefono.",
    "Two Factor Authentication": "Autenticazione a due fattori",
    "Unauthorized": "Non autorizzato",
    "Update Password": "Aggiorna Password",
    "Update your account's profile information and email address.": "Aggiorna le informazioni del profilo e l'indirizzo email del tuo account.",
    "Use a recovery code": "Usa un codice di ripristino",
    "Use an authentication code": "Usa un codice di autenticazione",
    "Verify Email Address": "Verifica indirizzo email",
    "Verify Your Email Address": "Verifica il tuo indirizzo email",
    "We were unable to find a registered user with this email address.": "Non siamo riusciti a trovare un utente registrato con questo indirizzo email.",
    "We won't ask for your password again for a few hours.": "Non chiederemo più la tua password per alcune ore.",
    "When two factor authentication is enabled, you will be prompted for a secure, random token during authentication. You may retrieve this token from your phone's Google Authenticator application.": "Quando è abilitata l'autenticazione a due fattori, ti verrà richiesto un token casuale e sicuro durante l'autenticazione. Puoi recuperare questo token dall'applicazione Google Authenticator del tuo telefono.",
    "Whoops, something went wrong on our servers.": "Ops, qualcosa non ha funzionato sui nostri server.",
    "Whoops! Something went wrong.": "Ops! Qualcosa è andato storto.",
    "Whoops!": "Ops!",
    "You are logged in!": "Ti sei autenticato!",
    "You are receiving this email because we received a password reset request for your account.": "Hai ricevuto questa email perché abbiamo ricevuto una richiesta di reset della password per il tuo account.",
    "You have enabled two factor authentication.": "Hai abilitato l'autenticazione a due fattori.",
    "You have not enabled two factor authentication.": "Non hai abilitato l'autenticazione a due fattori.",
    "You may delete any of your existing tokens if they are no longer needed.": "Puoi eliminare tutti i tuoi token esistenti se non sono più necessari.",
    "You may not delete your personal team.": "Non puoi eliminare il tuo team personale.",
    "You may not leave a team that you created.": "Non puoi abbandonare un team che hai creato.",
    "Your email address is not verified.": "Il tuo indirizzo email non è verificato."
}
