{
    "A fresh verification link has been sent to your email address.": "Құпия сөзді қалпына келтіру сілтемесі сіздің email мекенжайыңызға жіберілді.",
    "A new verification link has been sent to the email address you provided during registration.": "A new verification link has been sent to the email address you provided during registration.",
    "All rights reserved.": "Барлық құқықтар қорғалған.",
    "Already registered?": "Already registered?",
    "Before proceeding, please check your email for a verification link.": "Жалғастырмас бұрын, электрондық поштадағы растау сілтемесін тексеріңіз.",
    "click here to request another": "қайта сұрау үшін мұнда басыңыз",
    "Confirm Password": "Құпиясөзді растау",
    "E-Mail Address": "E-Mail мекенжайы",
    "Email Password Reset Link": "Email Password Reset Link",
    "Email": "Email",
    "Error": "Қате",
    "Forbidden": "Тыйым салынған",
    "Forgot your password? No problem. Just let us know your email address and we will email you a password reset link that will allow you to choose a new one.": "Forgot your password? No problem. Just let us know your email address and we will email you a password reset link that will allow you to choose a new one.",
    "Forgot your password?": "Forgot your password?",
    "Forgot Your Password?": "Құпиясөзді ұмыттыңыз ба?",
    "Go Home": "Үйге",
    "Hello!": "Сәлеметсіз бе!",
    "hi": "сәлем",
    "If you did not create an account, no further action is required.": "Егер сіз тіркелгі жасамаған болсаңыз, онда ешқандай қосымша әрекет қажет емес.",
    "If you did not receive the email": "Егер сіз хат алмасаңыз",
    "If you did not request a password reset, no further action is required.": "Егер сіз құпиясөзді қалпына келтіруді сұрамасаңыз, онда ешқандай қосымша әрекет қажет емес.",
    "If you’re having trouble clicking the \":actionText\" button, copy and paste the URL below\ninto your web browser:": "Егер сізде \":actionText\" батырмасын басу кезінде ақаулықтар туындаса,\n мекенжайды көшіріңіз де, браузердің мекенжай жолына салыңыз:",
    "Invalid signature.": "Қате қолтаңба.",
    "Login": "Кіру",
    "Logout": "Шығу",
    "Name": "Аты",
    "Not Found": "Табылмады",
    "Oh no": "О жоқ",
    "Page Expired": "Бет ескірген",
    "Page Not Found": "Бет табылған жоқ",
    "Password": "Құпиясөз",
    "Please click the button below to verify your email address.": "E-mail мекенжайыңызды растау үшін төмендегі батырманы басыңыз.",
    "Please confirm access to your account by entering one of your emergency recovery codes.": "Please confirm access to your account by entering one of your emergency recovery codes.",
    "Please confirm access to your account by entering the authentication code provided by your authenticator application.": "Please confirm access to your account by entering the authentication code provided by your authenticator application.",
    "Please confirm your password before continuing.": "Жалғастырмас бұрын құпиясөзіңізді растаңыз.",
    "Regards": "Құрметпен",
    "Register": "Тіркеу",
    "Remember Me": "Мені есте сақтау",
    "Resend Verification Email": "Resend Verification Email",
    "Reset Password Notification": "Құпиясөзді қалпына келтіру туралы хабарландыру",
    "Reset Password": "Құпиясөзді қалпына келтіру",
    "Send Password Reset Link": "Құпиясөзді қалпына келтіру сілтемесін жіберу",
    "Server Error": "Сервер қатесі",
    "Service Unavailable": "Қызмет қолжетімсіз",
    "Sorry, the page you are looking for could not be found.": "Кешіріңіз, сіз іздеген бет табылмады.",
    "Sorry, we are doing some maintenance. Please check back soon.": "Кешіріңіз, біз кейбір жұмыстар жасап жатырмыз. Кейінірек кіріңіз.",
    "Sorry, you are forbidden from accessing this page.": "Кешіріңіз, бұл бетті қолдануға рұқсат жоқ.",
    "Sorry, you are making too many requests to our servers.": "Кешіріңіз, сіз біздің серверлерге тым көп сұраныс жасайсыз.",
    "Sorry, you are not authorized to access this page.": "Кешіріңіз, сізге осы бетке кіруге болмайды.",
    "Sorry, your session has expired. Please refresh and try again.": "Кешіріңіз, сессия мерзімі аяқталды. Әрекетті жаңартып, қайталаңыз.",
    "The :attribute must be a valid role.": "The :attribute must be a valid role.",
    "This action is unauthorized.": "Авторизацияланбаған әрекет.",
    "This password does not match our records.": "This password does not match our records.",
    "This password reset link will expire in :count minutes.": "Құпия сөзді қалпына келтіру сілтемесінің қолданылу мерзімі :count минуттан кейін аяқталады.",
    "This user already belongs to the team.": "This user already belongs to the team.",
    "Toggle navigation": "Навигацияны ауыстыру",
    "Too Many Attempts.": "Тым көп әрекет.",
    "Too Many Requests": "Тым көп сұраулар",
    "Unauthorized": "Авторизацияланған жоқ",
    "Use a recovery code": "Use a recovery code",
    "Use an authentication code": "Use an authentication code",
    "Verify Email Address": "Email мекенжайды растау",
    "Verify Your Email Address": "Email мекенжайыңызды растаңыз",
    "We were unable to find a registered user with this email address.": "We were unable to find a registered user with this email address.",
    "We won't ask for your password again for a few hours.": "Біз бірнеше сағат ішінде құпиясөзді қайта сұрамаймыз.",
    "Whoops!": "Ойбай!",
    "Whoops, something went wrong on our servers.": "Ойбай, біздің серверлерде бірдеңе дұрыс емес.",
    "You are receiving this email because we received a password reset request for your account.": "Тіркелгіңізге құпия сөзді қалпына келтіру туралы сұрау келіп түскесін, сіз бұл хатты алдыңыз.",
    "You may not delete your personal team.": "You may not delete your personal team.",
    "You may not leave a team that you created.": "You may not leave a team that you created.",
    "Your email address is not verified.": "Сіздің email мекенжайыңыз расталмаған."
}
