{
    "A fresh verification link has been sent to your email address.": "Pautan pengesahan baru telah dihantar ke alamat e-mel anda.",
    "A new verification link has been sent to the email address you provided during registration.": "A new verification link has been sent to the email address you provided during registration.",
    "All rights reserved.": "Hak cipta terpelihara.",
    "Already registered?": "Already registered?",
    "Before proceeding, please check your email for a verification link.": "Sebelum teruskan, sila semak e-mel anda untuk mendapatkan pautan pengesahan.",
    "click here to request another": "klik di sini untuk minta yang lain",
    "Confirm Password": "Sahkan Kata Laluan",
    "E-Mail Address": "Alamat emel",
    "Email Password Reset Link": "Email Password Reset Link",
    "Email": "Email",
    "Error": "Ralat",
    "Forbidden": "Dilarang",
    "Forgot your password? No problem. Just let us know your email address and we will email you a password reset link that will allow you to choose a new one.": "Forgot your password? No problem. Just let us know your email address and we will email you a password reset link that will allow you to choose a new one.",
    "Forgot your password?": "Forgot your password?",
    "Forgot Your Password?": "Lupa kata laluan anda?",
    "Go Home": "Kembali ke Laman Utama",
    "Hello!": "Helo!",
    "hi": "hai",
    "If you did not create an account, no further action is required.": "Jika anda tidak membuat akaun, tiada tindakan lanjut diperlukan.",
    "If you did not receive the email": "Sekiranya anda tidak menerima e-mel tersebut",
    "If you did not request a password reset, no further action is required.": "Jika anda tidak meminta tetapan semula kata laluan, tiada tindakan lanjut diperlukan.",
    "If you’re having trouble clicking the \":actionText\" button, copy and paste the URL below\ninto your web browser:": "Sekiranya anda menghadapi masalah klik butang \":actionText\", salin dan tampal URL di bawah\nke pelayar web anda:",
    "Login": "Log masuk",
    "Logout": "Log keluar",
    "Name": "Nama",
    "Oh no": "Oh tidak",
    "Page Expired": "Halaman Tamat Tempoh",
    "Page Not Found": "Page Tidak Dijumpai",
    "Password": "Kata laluan",
    "Please click the button below to verify your email address.": "Sila klik butang di bawah untuk mengesahkan alamat e-mel anda.",
    "Please confirm access to your account by entering one of your emergency recovery codes.": "Please confirm access to your account by entering one of your emergency recovery codes.",
    "Please confirm access to your account by entering the authentication code provided by your authenticator application.": "Please confirm access to your account by entering the authentication code provided by your authenticator application.",
    "Regards": "Salam",
    "Register": "Daftar",
    "Remember Me": "Ingat Saya",
    "Resend Verification Email": "Resend Verification Email",
    "Reset Password Notification": "Tetap Semula Pemberitahuan Kata Laluan",
    "Reset Password": "Tetap Semula Kata Laluan",
    "Send Password Reset Link": "Hantar Pautan Tetap Semula Kata Laluan",
    "Service Unavailable": "Perkhidmatan tidak tersedia",
    "Sorry, the page you are looking for could not be found.": "Maaf, halaman yang anda cari tidak dapat dijumpai.",
    "Sorry, we are doing some maintenance. Please check back soon.": "Maaf, kami sedang melakukan penyelenggaraan. Sila semak semula sebentar lagi.",
    "Sorry, you are forbidden from accessing this page.": "Maaf, anda dilarang daripada mengakses halaman ini.",
    "Sorry, you are making too many requests to our servers.": "Maaf, anda membuat terlalu banyak permintaan kepada pelayan kami.",
    "Sorry, you are not authorized to access this page.": "Maaf, anda tidak dibenarkan mengakses halaman ini.",
    "Sorry, your session has expired. Please refresh and try again.": "Maaf, sesi anda telah tamat tempoh. Sila muat semula dan cuba lagi.",
    "The :attribute must be a valid role.": "The :attribute must be a valid role.",
    "This password does not match our records.": "This password does not match our records.",
    "This user already belongs to the team.": "This user already belongs to the team.",
    "Toggle navigation": "Togol navigasi",
    "Too Many Requests": "Terlalu Banyak Permintaan",
    "Unauthorized": "Tiada dibenarkan",
    "Use a recovery code": "Use a recovery code",
    "Use an authentication code": "Use an authentication code",
    "Verify Your Email Address": "Sahkan alamat e-mel anda",
    "We were unable to find a registered user with this email address.": "We were unable to find a registered user with this email address.",
    "Whoops!": "Alamak!",
    "Whoops, something went wrong on our servers.": "Alamak, ada sesuatu yang tidak kena pada pelayan kami.",
    "You are receiving this email because we received a password reset request for your account.": "Anda menerima e-mel ini kerana kami menerima permintaan tetap semula kata laluan untuk akaun anda.",
    "You may not delete your personal team.": "You may not delete your personal team.",
    "You may not leave a team that you created.": "You may not leave a team that you created."
}
