{
    "A fresh verification link has been sent to your email address.": "Ei ny stadfestingslenke har blitt sendt til e-postadressa di.",
    "A new verification link has been sent to the email address you provided during registration.": "A new verification link has been sent to the email address you provided during registration.",
    "All rights reserved.": "Alle rettar reservert.",
    "Already registered?": "Already registered?",
    "Before proceeding, please check your email for a verification link.": "Før du fortsett, vennligst sjekk e-posten din og sjå etter ei stadfestingslenke.",
    "click here to request another": "klikk her for å be om ei ny",
    "Confirm Password": "Bekreft passord",
    "E-Mail Address": "E-postadresse",
    "Email Password Reset Link": "Email Password Reset Link",
    "Email": "Email",
    "Forbidden": "Forbode",
    "Forgot your password? No problem. Just let us know your email address and we will email you a password reset link that will allow you to choose a new one.": "Forgot your password? No problem. Just let us know your email address and we will email you a password reset link that will allow you to choose a new one.",
    "Forgot your password?": "Forgot your password?",
    "Forgot Your Password?": "Gløymd passordet ditt?",
    "Go Home": "Gå til forsida",
    "Hello!": "Hallo!",
    "If you did not create an account, no further action is required.": "Dersom du ikkje har oppretta ein konto, treng du ikkje gjere noko.",
    "If you did not receive the email": "Dersom du ikkje har motteke e-posten",
    "If you did not request a password reset, no further action is required.": "Dersom du ikkje har bede om å nullstille passordet, treng du ikkje gjere noko.",
    "If you’re having trouble clicking the \":actionText\" button, copy and paste the URL below\ninto your web browser:": "Dersom du har problem med å klikke \":actionText\"-knappen, kopier og lim nettadressa nedanfor\ninn i nettlesaren din:",
    "Invalid signature.": "Ugyldig signatur.",
    "Login": "Logg inn",
    "Logout": "Logg ut",
    "Name": "Namn",
    "Not Found": "Ikkje funne",
    "Oh no": "Å nei",
    "Page Expired": "Sida har utløpt",
    "Password": "Passord",
    "Please click the button below to verify your email address.": "Ver snill og klikk på knappen nedanfor for å bekrefte e-postadressa di.",
    "Please confirm access to your account by entering one of your emergency recovery codes.": "Please confirm access to your account by entering one of your emergency recovery codes.",
    "Please confirm access to your account by entering the authentication code provided by your authenticator application.": "Please confirm access to your account by entering the authentication code provided by your authenticator application.",
    "Regards": "Venleg helsing",
    "Register": "Registrer",
    "Remember Me": "Hugs meg",
    "Resend Verification Email": "Resend Verification Email",
    "Reset Password Notification": "Varsling om å nullstille passord",
    "Reset Password": "Nullstill passord",
    "Send Password Reset Link": "Send lenke for å nullstille passordet",
    "Server Error": "Server-feil",
    "Service Unavailable": "Tenesta er ikkje tilgjengeleg",
    "The :attribute must be a valid role.": "The :attribute must be a valid role.",
    "This action is unauthorized.": "Denne handlinga er uautorisert.",
    "This password does not match our records.": "This password does not match our records.",
    "This password reset link will expire in :count minutes.": "Lenka for å nullstille passordet vil utløpe om :count minutt.",
    "This user already belongs to the team.": "This user already belongs to the team.",
    "Toggle navigation": "Vis/skjul navigasjon",
    "Too Many Attempts.": "For mange forsøk.",
    "Too Many Requests": "For mange førespurnader",
    "Unauthorized": "Uautorisert",
    "Use a recovery code": "Use a recovery code",
    "Use an authentication code": "Use an authentication code",
    "Verify Email Address": "Bekreft e-postadresse",
    "Verify Your Email Address": "Bekreft e-postadressa din",
    "We were unable to find a registered user with this email address.": "We were unable to find a registered user with this email address.",
    "Whoops!": "Oisann!",
    "You are receiving this email because we received a password reset request for your account.": "Du får denne e-posten fordi vi har motteke ein førespurnad om å nullstille passordet til kontoen din.",
    "You may not delete your personal team.": "You may not delete your personal team.",
    "You may not leave a team that you created.": "You may not leave a team that you created.",
    "Your email address is not verified.": "E-postadressa di er ikkje bekrefta."
}
