{
    "A fresh verification link has been sent to your email address.": "Um novo link de verificação foi enviado para seu endereço de e-mail.",
    "A new verification link has been sent to the email address you provided during registration.": "Um novo link de verificação foi enviado para seu endereço de e-mail fornecido durante o registo.",
    "Add a new team member to your team, allowing them to collaborate with you.": "Adicione um novo membro à equipa, por forma a que possa colaborar consigo.",
    "Add additional security to your account using two factor authentication.": "Adicione mais segurança à sua conta utilizando autenticação de dois factores.",
    "Add Team Member": "Adicionar Membro de Equipa",
    "Add": "Adicionar",
    "Added.": "Adicionado.",
    "Administrator users can perform any action.": "Utilizadores com privilégios de Administrador podem executar qualquer acção.",
    "Administrator": "Administrador",
    "All of the people that are part of this team.": "Todas as pessoas que fazem parte desta equipa.",
    "All rights reserved.": "Todos os direitos reservados.",
    "Already registered?": "Já está registado?",
    "API Token Permissions": "Permissões para API Token",
    "API Token": "API Token",
    "API tokens allow third-party services to authenticate with our application on your behalf.": "Os API Tokens permitem que serviços terceiros se possam autenticar na nossa aplicação em seu nome.",
    "API Tokens": "API Tokens",
    "Are you sure you want to delete this team? Once a team is deleted, all of its resources and data will be permanently deleted.": "Tem a certeza que pretende eliminar esta equipa? Uma vez eliminada, todos os seus recursos e dados serão permanentemente eliminados.",
    "Are you sure you want to delete your account? Once your account is deleted, all of its resources and data will be permanently deleted. Please enter your password to confirm you would like to permanently delete your account.": "Tem a certeza que deseja eliminar a conta? Uma vez eliminada a conta, todos os recursos e dados serão eliminados permanentemente. Por favor introduza a sua palavra-passe para confirmar que deseja eliminar permanentemente a sua conta.",
    "Are you sure you would like to delete this API token?": "Tem a certeza que pretende eliminar este API Token?",
    "Are you sure you would like to leave this team?": "Tem a certeza que pretende abandonar esta equipa?",
    "Are you sure you would like to remove this person from the team?": "Tem a certeza que pretende remover esta pessoa da equipa?",
    "Before proceeding, please check your email for a verification link.": "Antes de prosseguir, procure pelo link de verificação na sua caixa de correio.",
    "Browser Sessions": "Sessões em Browser",
    "click here to request another": "clique aqui para pedir outro",
    "Close": "Fechar",
    "Code": "Código",
    "Confirm Password": "Confirmar Palavra-passe",
    "Confirm": "Confirmar",
    "Create a new team to collaborate with others on projects.": "Crie uma nova equipa para colaborar com outras pessoas em projectos.",
    "Create API Token": "Criar um API Token",
    "Create New Team": "Criar uma Nova Equipa",
    "Create Team": "Criar Equipa",
    "Create": "Criar",
    "Created.": "Criado.",
    "Current Password": "Palavra-Passe atual",
    "Dashboard": "Painel de Controlo",
    "Delete Account": "Eliminar Conta",
    "Delete API Token": "Eliminar API Token",
    "Delete Team": "Eliminar Equipa",
    "Delete": "Eliminar",
    "Disable": "Inativar",
    "Done.": "Feito.",
    "E-Mail Address": "Endereço de e-mail",
    "Editor users have the ability to read, create, and update.": "Utilizadores com privilégios de Editor podem ler, criar e atualizar.",
    "Editor": "Editor",
    "Email Password Reset Link": "E-mail para redefinir a palavra-passe",
    "Email": "E-mail",
    "Enable": "Ativar",
    "Ensure your account is using a long, random password to stay secure.": "Confirme que a sua conta está a utilizar uma palavra-passe longa e aleatória para manter a sua conta segura.",
    "For your security, please confirm your password to continue.": "Por razões de segurança, por favor confirme a sua palavra-passe antes de continuar .",
    "Forbidden": "Proibido",
    "Forgot your password? No problem. Just let us know your email address and we will email you a password reset link that will allow you to choose a new one.": "Esqueceu a palavra-passe? Não há problema. Indique-nos o seu e-mail e vamos enviar-lhe um link para redefinir a palavra-passe que lhe vai permitir escolher uma nova.",
    "Forgot your password?": "Esqueceu a Palavra-passe?",
    "Forgot Your Password?": "Esqueceu a Palavra-passe?",
    "Go Home": "Voltar ao início",
    "Go to page :page": "Ir para a página :page",
    "Hello!": "Olá!",
    "If necessary, you may logout of all of your other browser sessions across all of your devices. Some of your recent sessions are listed below; however, this list may not be exhaustive. If you feel your account has been compromised, you should also update your password.": "Se necessário, pode terminar as sessões em browser em todos os dispositivos. Se achar que a sua conta foi comprometida, deve também atualizar a sua palavra-passe.",
    "If you did not create an account, no further action is required.": "Se não criou uma conta, ignore este e-mail.",
    "If you did not receive the email": "Se não recebeu o e-mail",
    "If you did not request a password reset, no further action is required.": "Se não pediu para redefinir a palavra-passe, ignore este e-mail.",
    "If you’re having trouble clicking the \":actionText\" button, copy and paste the URL below\ninto your web browser:": "Se não conseguir clicar no botão \":actionText\", copie e cole a URL abaixo\nno seu browser:",
    "Invalid signature.": "Assinatura inválida.",
    "Last active": "Ativo pela última vez",
    "Last used": "Usado pela última vez",
    "Leave Team": "Sair da Equipa",
    "Leave": "Sair",
    "Login": "Iniciar Sessão",
    "Logout Other Browser Sessions": "Terminar as outras Sessões em Browsers",
    "Logout": "Terminar Sessão",
    "Manage Account": "Gerir Conta",
    "Manage and logout your active sessions on other browsers and devices.": "Gerir e terminar sessões activas noutros browsers ou dispositivos.",
    "Manage API Tokens": "Gerir API Tokens",
    "Manage Role": "Gerir Função",
    "Manage Team": "Gerir Equipa",
    "Name": "Nome",
    "Nevermind": "Ignorar",
    "New Password": "Nova Palavra-passe",
    "Not Found": "Não encontrado",
    "of": "de",
    "Oh no": "Oh não",
    "Once a team is deleted, all of its resources and data will be permanently deleted. Before deleting this team, please download any data or information regarding this team that you wish to retain.": "Uma vez eliminada a equipa, todos os seus recursos e dados serão eliminados de forma permanente. Antes de eliminar esta equipa, por favor descarregue todos os dados ou informações relativos a esta equipa que deseje manter.",
    "Once your account is deleted, all of its resources and data will be permanently deleted. Before deleting your account, please download any data or information that you wish to retain.": "Uma vez eliminada a conta, todos os recursos e dados serão eliminados permanentemente. Antes de eliminar a conta, por favor descarregue quaisquer dados ou informações que deseje manter.",
    "Page Expired": "Página expirou",
    "Pagination Navigation": "Navegação em resultados paginados",
    "Password": "Palavra-passe",
    "Permanently delete this team.": "Eliminar esta equipa permanentemente.",
    "Permanently delete your account.": "Eliminar a sua conta permanentemente.",
    "Permissions": "Permissões",
    "Photo": "Foto",
    "Please click the button below to verify your email address.": "Por favor, clique no botão em baixo para verificar seu endereço de e-mail.",
    "Please confirm access to your account by entering one of your emergency recovery codes.": "Por favor confirme o acesso à sua conta inserindo um dos seus códigos de recuperação de emergência.",
    "Please confirm access to your account by entering the authentication code provided by your authenticator application.": "Por favor confirme o acesso à sua conta inserindo o código fornecido pela a sua aplicação de autenticação.",
    "Please confirm your password before continuing.": "Por favor, confirme sua palavra-passe antes de continuar.",
    "Please copy your new API token. For your security, it won't be shown again.": "Por favor copie o seu novo API Token. Por razões de segurança, não será mostrado novamente.",
    "Please enter your password to confirm you would like to logout of your other browser sessions across all of your devices.": "Por favor insira a sua palavra-passe para confirmar que pretende terminar as suas outras sessões em browser em todos os seus dispositivos.",
    "Please provide the email address of the person you would like to add to this team. The email address must be associated with an existing account.": "Por favor forneça o endereço de e-mail da pessoa que pretende adicionar a esta equipa. O endereço de e-mail deve estar associado a uma conta que já existe.",
    "Profile Information": "Informação de Perfil",
    "Profile": "Perfil",
    "Recovery Code": "Código de Recuperação",
    "Regards": "Atenciosamente",
    "Regenerate Recovery Codes": "Regenerar Códigos de Recuperação",
    "Register": "Registar",
    "Remember me": "Lembrar-me",
    "Remember Me": "Lembrar-me",
    "Remove Photo": "Remover Foto",
    "Remove Team Member": "Remover Membro de Equipa",
    "Remove": "Remover",
    "Resend Verification Email": "Reenviar E-mail de Verificação",
    "Reset Password Notification": "Notificação para redefinir a Palavra-passe",
    "Reset Password": "Redefinir Palavra-passe",
    "results": "resultados",
    "Role": "Função",
    "Save": "Guardar",
    "Saved.": "Guardado.",
    "Select A New Photo": "Selecionar uma nova Foto",
    "Send Password Reset Link": "Enviar link para redefinir a Palavra-passe",
    "Server Error": "Erro do servidor",
    "Service Unavailable": "Serviço indisponível",
    "Show Recovery Codes": "Mostrar Códigos de Recuperação",
    "Showing": "A mostrar",
    "Store these recovery codes in a secure password manager. They can be used to recover access to your account if your two factor authentication device is lost.": "Guarde estes códigos de recuperação num gestor de palavras-passe seguro. Podem ser usados para recuperar o acesso à sua conta caso o dispositivo usado para autenticação de dois fatores seja perdido.",
    "Switch Teams": "Trocar de Equipa",
    "Team Details": "Detalhes da Equipa",
    "Team Members": "Membros da Equipa",
    "Team Name": "Nome da Equipa",
    "Team Owner": "Proprietário da Equipa",
    "Team Settings": "Definições da Equipa",
    "Thanks for signing up! Before getting started, could you verify your email address by clicking on the link we just emailed to you? If you didn't receive the email, we will gladly send you another.": "Obrigado por se registar! Antes de começar, pode confirmar o seu endereço de email clicando no link presente no email que acabamos de lhe enviar? Se não recebeu o email, teremos todo o prazer em enviar-lhe outro.",
    "The :attribute must be a valid role.": "A :attribute deve ser uma função válida.",
    "The :attribute must be at least :length characters and contain at least one number.": "O campo :attribute deve ter pelo menos :length caracteres e conter pelo menos um número.",
    "The :attribute must be at least :length characters and contain at least one special character.": "O campo :attribute deve ter pelo menos :length caracteres e conter pelo menos um caractere especial.",
    "The :attribute must be at least :length characters and contain at least one uppercase character and one number.": "O campo :attribute deve ter pelo menos :length caracteres e conter pelo menos uma maiúscula e um número.",
    "The :attribute must be at least :length characters and contain at least one uppercase character and one special character.": "O campo :attribute deve ter pelo menos :length caracteres e conter pelo menos uma maiúscula e um caractere especial.",
    "The :attribute must be at least :length characters and contain at least one uppercase character, one number, and one special character.": "O campo :attribute deve ter pelo menos :length caracteres e conter pelo menos uma maiúscula, um número e um caractere especial.",
    "The :attribute must be at least :length characters and contain at least one uppercase character.": "O campo :attribute deve ter pelo menos :length caracteres e conter pelo menos uma maiúscula.",
    "The :attribute must be at least :length characters.": "O campo :attribute deve ter pelo menos :length caracteres.",
    "The provided password does not match your current password.": "A palavra-passe fornecida não corresponde à sua palavra-passe actual.",
    "The provided password was incorrect.": "A palavra-passe fornecida era incorreta.",
    "The provided two factor authentication code was invalid.": "O código fornecido para a autenticação de dois fatores é inválido.",
    "The team's name and owner information.": "Nome da equipa e do proprietário.",
    "This action is unauthorized.": "Esta ação não é autorizada.",
    "This device": "Este dispositivo",
    "This password does not match our records.": "Esta palavra-passe não tem correspondência nos nossos registos.",
    "This password reset link will expire in :count minutes.": "O Link para redefinir a palavra-passe vai expirar em :count minutos.",
    "This user already belongs to the team.": "Este utilizador já pertence à equipa.",
    "to": "até",
    "Toggle navigation": "Alternar navegação",
    "Token Name": "Nome do Token",
    "Too Many Attempts.": "Demasiadas tentativas.",
    "Too Many Requests": "Demasiados pedidos",
    "Two factor authentication is now enabled. Scan the following QR code using your phone's authenticator application.": "A autenticação de dois fatores está ativa. Digitalize o seguinte QR code utilizando a aplicação de autenticação do seu telefone.",
    "Two Factor Authentication": "Autenticação de dois fatores",
    "Unauthorized": "Não autorizado",
    "Update Password": "Atualizar palavra-passe",
    "Update your account's profile information and email address.": "Atualize a informação de perfil e mail da sua conta.",
    "Use a recovery code": "Utilize um código de recuperação",
    "Use an authentication code": "Utilize um código de autenticação",
    "Verify Email Address": "Verifique o endereço de e-mail",
    "Verify Your Email Address": "Verifique seu endereço de e-mail",
    "We were unable to find a registered user with this email address.": "Não conseguimos encontrar um utilizador registado com este endereço de e-mail.",
    "We won't ask for your password again for a few hours.": "Não vamos pedir a sua palavra-passe novamente por algumas horas.",
    "When two factor authentication is enabled, you will be prompted for a secure, random token during authentication. You may retrieve this token from your phone's Google Authenticator application.": "Quando a autenticação de dois fatores está ativa, será pedido um token seguro e aleatório durante a autenticação. Pode obter este token a partir da aplicação Google Authenticator no seu telefone",
    "Whoops! Something went wrong.": "Ops! Alguma coisa correu mal.",
    "Whoops!": "Ops!",
    "You are logged in!": "A sessão foi iniciada!",
    "You are receiving this email because we received a password reset request for your account.": "Recebeu esse e-mail porque foi solicitada a redefinição da palavra-passe da sua conta.",
    "You have enabled two factor authentication.": "Ativou a autenticação de dois fatores.",
    "You have not enabled two factor authentication.": "Não ativou a autenticação de dois fatores.",
    "You may delete any of your existing tokens if they are no longer needed.": "Pode eliminar qualquer um dos tokens existentes caso já não sejam necessários.",
    "You may not delete your personal team.": "Não pode eliminar a sua equipa pessoal.",
    "You may not leave a team that you created.": "Não pode abandonar a equipa que criou.",
    "Your email address is not verified.": "Seu endereço de e-mail não está verificado."
}
