{
    "A fresh verification link has been sent to your email address.": "Um novo link de verificação foi enviado para seu endereço de e-mail.",
    "A new verification link has been sent to the email address you provided during registration.": "Um novo link de verificação foi enviado para o endereço de e-mail que você forneceu durante o processo de cadastro.",
    "Add a new team member to your team, allowing them to collaborate with you.": "Adicionar um novo membro no seu time, permitindo que ele colabore com você.",
    "Add additional security to your account using two factor authentication.": "Adicione mais segurança à sua conta usando autenticação em dois fatores.",
    "Add Team Member": "Adicionar membro ao time",
    "Add": "Adicionar",
    "Added.": "Adicionado.",
    "Administrator users can perform any action.": "Usuários com privilégios de Administrador podem executar qualquer acão.",
    "Administrator": "Administrador",
    "All of the people that are part of this team.": "Todas pessoas que fazem parte desse time.",
    "All rights reserved.": "Todos os direitos reservados.",
    "Already registered?": "Já registrado?",
    "API Token Permissions": "Permissões do Token da API",
    "API Token": "Token da API",
    "API tokens allow third-party services to authenticate with our application on your behalf.": "Tokens da API permitem que serviços de terceiros se autentiquem em nossa aplicação em seu nome.",
    "API Tokens": "Tokens da API",
    "Are you sure you want to delete this team? Once a team is deleted, all of its resources and data will be permanently deleted.": "Tem certeza que quer excluir este time? Uma vez excluído, todos os dados e recursos relativos a ele serão excluídos permanentemente.",
    "Are you sure you want to delete your account? Once your account is deleted, all of its resources and data will be permanently deleted. Please enter your password to confirm you would like to permanently delete your account.": "Tem certeza que quer excluir a sua conta? Uma vez excluída, todos os dados e recursos relativos a ela serão permanentemente excluídos. Por favor informe a sua senha para confirmar que você deseja excluir permanentemente a sua conta.",
    "Are you sure you would like to delete this API token?": "Tem certeza de que deseja excluir este token da API?",
    "Are you sure you would like to leave this team?": "Tem certeza de que deseja sair deste time?",
    "Are you sure you would like to remove this person from the team?": "Tem certeza de que deseja remover esta pessoa do time?",
    "Before proceeding, please check your email for a verification link.": "Antes de prosseguir, verifique seu e-mail em busca de um link de verificação.",
    "Browser Sessions": "Sessões do navegador",
    "click here to request another": "clique aqui para solicitar outro",
    "Close": "Fechar",
    "Code": "Código",
    "Confirm Password": "Confirmar senha",
    "Confirm": "Confirmar",
    "Create a new team to collaborate with others on projects.": "Crie um time para colaborar com outros em projetos.",
    "Create API Token": "Criar Token da API",
    "Create New Team": "Criar Novo Time",
    "Create Team": "Criar Time",
    "Create": "Criar",
    "Created.": "Criado.",
    "Current Password": "Senha Atual",
    "Dashboard": "Painel",
    "Delete Account": "Excluir Conta",
    "Delete API Token": "Excluir Token da API",
    "Delete Team": "Excluir Time",
    "Delete": "Excluir",
    "Disable": "Desativar",
    "Done.": "Feito.",
    "E-Mail Address": "Endereço de e-mail",
    "Editor users have the ability to read, create, and update.": "Usuários com privilégios de Editor podem ler, criar e atualizar.",
    "Editor": "Editor",
    "Email Password Reset Link": "Link de redefinição de senha",
    "Email": "E-mail",
    "Enable": "Ativar",
    "Ensure your account is using a long, random password to stay secure.": "Garanta que sua conta esteja usando uma senha longa, e aleatória para se manter seguro.",
    "For your security, please confirm your password to continue.": "Para sua segurança, por favor confirme a sua senha antes de prosseguir.",
    "Forbidden": "Proibido",
    "Forgot your password? No problem. Just let us know your email address and we will email you a password reset link that will allow you to choose a new one.": "Esqueceu sua senha? Sem problemas. É só nos informar o seu e-mail que nós enviaremos para você um link para redefinição de senha que irá permitir que você escolha uma nova senha.",
    "Forgot Your Password?": "Esqueceu a Senha?",
    "Forgot your password?": "Esqueceu a senha?",
    "Go Home": "Ir para o início",
    "Go to page :page": "Ir para página :page",
    "Hello!": "Olá!",
    "If necessary, you may logout of all of your other browser sessions across all of your devices. Some of your recent sessions are listed below; however, this list may not be exhaustive. If you feel your account has been compromised, you should also update your password.": "Se necessário, você pode sair de todas suas outras sessões de navegador em todos os seus dispositivos. Se você desconfiar que sua conta foi comprometida, você deve também atualizar a sua senha.",
    "If you did not create an account, no further action is required.": "Se você não criou uma conta, ignore este e-mail.",
    "If you did not receive the email": "Se você não recebeu o e-mail",
    "If you did not request a password reset, no further action is required.": "Se você não solicitou essa redefinição de senha, ignore este e-mail.",
    "If you’re having trouble clicking the \":actionText\" button, copy and paste the URL below\ninto your web browser:": "Se você estiver tendo problemas para clicar no botão \":actionText\", copie e cole a URL abaixo\nem seu navegador:",
    "Invalid signature.": "Assinatura inválida.",
    "Last active": "Última atividade",
    "Last used": "Usado por último",
    "Leave Team": "Sair do Time",
    "Leave": "Sair",
    "Login": "Entrar",
    "Logout Other Browser Sessions": "Desconectar outras sessões de navegador",
    "Logout": "Sair",
    "Manage Account": "Gerenciar Conta",
    "Manage and logout your active sessions on other browsers and devices.": "Gerenciar e sair de suas sessões ativas em outros navegadores e dispositivos.",
    "Manage API Tokens": "Gerenciar Tokens de API",
    "Manage Role": "Gerenciar Papel",
    "Manage Team": "Gerenciar Time",
    "Name": "Nome",
    "Nevermind": "Deixa pra lá",
    "New Password": "Nova Senha",
    "Not Found": "Não Encontrado",
    "of": "de",
    "Oh no": "Ah não",
    "Once a team is deleted, all of its resources and data will be permanently deleted. Before deleting this team, please download any data or information regarding this team that you wish to retain.": "Uma vez excluído, o time e todos os seus dados e recursos serão excluídos permanentemente. Antes de excluir este time, faça download de todos os dados e informações sobre este time que você deseje manter.",
    "Once your account is deleted, all of its resources and data will be permanently deleted. Before deleting your account, please download any data or information that you wish to retain.": "Uma vez que sua conta é excluída, todos os dados e recursos desta conta serão excluídos permanentemente. Antes de excluir a sua conta, faça download de todos os dados e informações que você deseje manter.",
    "Page Expired": "Página expirou",
    "Pagination Navigation": "Navegação da Paginação",
    "Password": "Senha",
    "Permanently delete this team.": "Excluir este time permanentemente.",
    "Permanently delete your account.": "Excluir esta conta permanentemente.",
    "Permissions": "Permissões",
    "Photo": "Foto",
    "Please click the button below to verify your email address.": "Por favor, clique no botão abaixo para verificar seu endereço de e-mail.",
    "Please confirm access to your account by entering one of your emergency recovery codes.": "Por favor confirme o acesso à sua conta inserindo um de seus códigos de recuperação de emergência.",
    "Please confirm access to your account by entering the authentication code provided by your authenticator application.": "Por favor confirme o acesso à sua conta informando um código de autenticação fornecido por seu aplicativo autenticador.",
    "Please confirm your password before continuing.": "Por favor, confirme sua senha antes de continuar.",
    "Please copy your new API token. For your security, it won't be shown again.": "Por favor copie seu novo token da API. Para sua segurança, ele não será mostrado novamente.",
    "Please enter your password to confirm you would like to logout of your other browser sessions across all of your devices.": "Por favor informe a sua senha para confirmar que você realmente deseja sair de todas sessões de outros navegadores em todos seus dispositivos.",
    "Please provide the email address of the person you would like to add to this team. The email address must be associated with an existing account.": "Por favor informe o e-mail da pessoa que você deseja adicionar a este time. Esse e-mail deve estar associado a uma conta existente.",
    "Profile Information": "Informações do Perfil",
    "Profile": "Perfil",
    "Recovery Code": "Código de Recuperação",
    "Regards": "Atenciosamente",
    "Regenerate Recovery Codes": "Gerar novamente os Códigos de Recuperação",
    "Register": "Registrar",
    "Remember Me": "Lembre-se de mim",
    "Remember me": "Lembre-se de mim",
    "Remove Photo": "Remover Foto",
    "Remove Team Member": "Remover Membro do Time",
    "Remove": "Remover",
    "Resend Verification Email": "Enviar novamente o e-mail de verificação",
    "Reset Password Notification": "Notificação de redefinição de senha",
    "Reset Password": "Redefinir senha",
    "results": "resultados",
    "Role": "Papel",
    "Save": "Salvar",
    "Saved.": "Salvo.",
    "Select A New Photo": "Selecione uma nova foto",
    "Send Password Reset Link": "Enviar link de redefinição de senha",
    "Server Error": "Erro do servidor",
    "Service Unavailable": "Serviço indisponível",
    "Show Recovery Codes": "Mostrar Códigos de Recuperação",
    "Showing": "Mostrando",
    "Store these recovery codes in a secure password manager. They can be used to recover access to your account if your two factor authentication device is lost.": "Guarde estes códigos de recuperação em um gerenciador de senhas seguro. Eles podem ser usados para recuperar o acesso à sua conta se o dispositivo de autenticação em dois fatores for perdido.",
    "Switch Teams": "Mudar de Time",
    "Team Details": "Detalhes do Time",
    "Team Members": "Membros do Time",
    "Team Name": "Nome do Time",
    "Team Owner": "Dono do Time",
    "Team Settings": "Configurações do Time",
    "Thanks for signing up! Before getting started, could you verify your email address by clicking on the link we just emailed to you? If you didn't receive the email, we will gladly send you another.": "Obrigado por se registar! Antes de começar, confirme o seu endereço de e-mail clicando no link presente no e-mail que acabamos de te enviar? Caso não tenha recebido o email, teremos o maior prazer em reenviar-lhe outro.",
    "The :attribute must be a valid role.": ":attribute deve ser um papel válido.",
    "The :attribute must be at least :length characters and contain at least one number.": "O campo :attribute deve possuir no mínimo :length caracteres e conter pelo menos um número.",
    "The :attribute must be at least :length characters and contain at least one special character.": "O campo :attribute deve possuir no mínimo :length caracteres e conter pelo menos um caractere especial.",
    "The :attribute must be at least :length characters and contain at least one uppercase character and one number.": "O campo :attribute deve possuir no mínimo :length caracteres e conter pelo menos uma letra maiúscula e um número.",
    "The :attribute must be at least :length characters and contain at least one uppercase character and one special character.": "O campo :attribute deve possuir no mínimo :length caracteres e conter pelo menos uma letra maiúscula e um caractere especial.",
    "The :attribute must be at least :length characters and contain at least one uppercase character, one number, and one special character.": "O campo :attribute deve possuir no mínimo :length caracteres e conter pelo menos uma letra maiúscula, um número, e um caractere especial.",
    "The :attribute must be at least :length characters and contain at least one uppercase character.": "O campo :attribute deve possuir no mínimo :length caracteres e conter pelo menos uma letra maiúscula.",
    "The :attribute must be at least :length characters.": "O campo :attribute deve possuir no mínimo :length caracteres.",
    "The provided password does not match your current password.": "A senha informada não corresponde à sua senha atual.",
    "The provided password was incorrect.": "A senha informada está incorreta.",
    "The provided two factor authentication code was invalid.": "O código de autenticação em dois fatores informado não é válido.",
    "The team's name and owner information.": "Nome do time e informações do dono.",
    "This action is unauthorized.": "Esta ação não é autorizada.",
    "This device": "Este dispositivo",
    "This password does not match our records.": "Esta senha não corresponde aos nossos registros.",
    "This password reset link will expire in :count minutes.": "O Link de redefinição de senha irá expirar em :count minutos.",
    "This user already belongs to the team.": "Este usuário já pertence a um time.",
    "to": "até",
    "Toggle navigation": "Alternar navegação",
    "Token Name": "Nome do Token",
    "Too Many Attempts.": "Muitas tentativas.",
    "Too Many Requests": "Muitas solicitações",
    "Two factor authentication is now enabled. Scan the following QR code using your phone's authenticator application.": "A autenticação em dois fatores está ativa agora. Escaneie o código QR a seguir com o aplicativo do autenticador em seu telefone.",
    "Two Factor Authentication": "Autenticação em dois fatores",
    "Unauthorized": "Não autorizado",
    "Update Password": "Atualizar senha",
    "Update your account's profile information and email address.": "Atualize as informações do seu perfil e endereço de e-mail.",
    "Use a recovery code": "Use um código de recuperação",
    "Use an authentication code": "Use um código de autenticação",
    "Verify Email Address": "Verifique o endereço de e-mail",
    "Verify Your Email Address": "Verifique seu endereço de e-mail",
    "We were unable to find a registered user with this email address.": "Não pudemos encontrar um usuário com esse endereço de e-mail.",
    "We won't ask for your password again for a few hours.": "Não solicitaremos sua senha novamente por algumas horas.",
    "When two factor authentication is enabled, you will be prompted for a secure, random token during authentication. You may retrieve this token from your phone's Google Authenticator application.": "Quando a autenticação em dois fatores está ativa, um token seguro e aleatório será solicitado durante a autenticação. Você deve obter este token em seu aplicativo Google Authenticator em seu telefone.",
    "Whoops! Something went wrong.": "Ops! Alguma coisa deu errado.",
    "Whoops!": "Ops!",
    "You are logged in!": "Você já está logado!",
    "You are receiving this email because we received a password reset request for your account.": "Você recebeu esse e-mail porque foi solicitado uma redefinição de senha na sua conta.",
    "You have enabled two factor authentication.": "Você ativou a autenticação em dois fatores.",
    "You have not enabled two factor authentication.": "Você não ativou a autenticação em dois fatores.",
    "You may delete any of your existing tokens if they are no longer needed.": "Você pode excluir seus tokens existentes se eles não forem mais necessários.",
    "You may not delete your personal team.": "Você não pode excluir o seu time pessoal.",
    "You may not leave a team that you created.": "Você não pode sair de um time que você criou.",
    "Your email address is not verified.": "Seu endereço de e-mail não está verificado."
}
