{
    "A new verification link has been sent to the email address you provided during registration.": "A new verification link has been sent to the email address you provided during registration.",
    "Already registered?": "Already registered?",
    "Confirm Password": "Potrdite geslo",
    "E-Mail Address": "E-mail naslov",
    "Email Password Reset Link": "Email Password Reset Link",
    "Email": "Email",
    "Forgot your password? No problem. Just let us know your email address and we will email you a password reset link that will allow you to choose a new one.": "Forgot your password? No problem. Just let us know your email address and we will email you a password reset link that will allow you to choose a new one.",
    "Forgot your password?": "Forgot your password?",
    "Forgot Your Password?": "Pozabljeno geslo?",
    "If you did not request a password reset, no further action is required.": "V kolikor niste zahtevali ponastavitve gesla, nadaljni koraki niso potrebni.",
    "Login": "Prijava",
    "Logout": "Odjava",
    "Name": "Ime",
    "Password": "Geslo",
    "Please confirm access to your account by entering one of your emergency recovery codes.": "Please confirm access to your account by entering one of your emergency recovery codes.",
    "Please confirm access to your account by entering the authentication code provided by your authenticator application.": "Please confirm access to your account by entering the authentication code provided by your authenticator application.",
    "Register": "Registracija",
    "Remember Me": "Zapomni si me",
    "Resend Verification Email": "Resend Verification Email",
    "Reset Password Notification": "Obvestilo o ponastavitvi gesla",
    "Reset Password": "Ponastavi geslo",
    "Send Password Reset Link": "Pošlji povezavo za ponastavitev gesla",
    "The :attribute must be a valid role.": "The :attribute must be a valid role.",
    "This password does not match our records.": "This password does not match our records.",
    "This user already belongs to the team.": "This user already belongs to the team.",
    "Use a recovery code": "Use a recovery code",
    "Use an authentication code": "Use an authentication code",
    "We were unable to find a registered user with this email address.": "We were unable to find a registered user with this email address.",
    "You are receiving this email because we received a password reset request for your account.": "Ta e-mail vam je bil poslan, ker ste zahtevali ponastavitev gesla za vaš račun.",
    "You may not delete your personal team.": "You may not delete your personal team.",
    "You may not leave a team that you created.": "You may not leave a team that you created."
}
