{
    "A fresh verification link has been sent to your email address.": "En verifikationslänk har skickats till din e-postadress.",
    "A new verification link has been sent to the email address you provided during registration.": "A new verification link has been sent to the email address you provided during registration.",
    "All rights reserved.": "Copyright.",
    "Already registered?": "Already registered?",
    "Before proceeding, please check your email for a verification link.": "Innan du fortsätter, vänligen kontrollera din e-post efter verifikationslänken.",
    "click here to request another": "klicka här för att begära en ny",
    "Confirm Password": "Bekräfta lösenordet",
    "E-Mail Address": "E-postadress",
    "Email Password Reset Link": "Email Password Reset Link",
    "Email": "Email",
    "Error": "Fel",
    "Forbidden": "Glömt",
    "Forgot your password? No problem. Just let us know your email address and we will email you a password reset link that will allow you to choose a new one.": "Forgot your password? No problem. Just let us know your email address and we will email you a password reset link that will allow you to choose a new one.",
    "Forgot your password?": "Forgot your password?",
    "Forgot Your Password?": "Glömt ditt lösenord?",
    "Go Home": "Gå hem",
    "Hello!": "Hej!",
    "hi": "hej",
    "If you did not create an account, no further action is required.": "Om du ej har skapat ett konto behöver du ej göra något.",
    "If you did not receive the email": "Om du inte mottog e-postmeddelandet",
    "If you did not request a password reset, no further action is required.": "Om du inte har begärt ett lösenord behöver du ej göra något.",
    "If you’re having trouble clicking the \":actionText\" button, copy and paste the URL below\ninto your web browser:": "Om det ej fungerar att klicka på \":actionText\"-knappen, kopiera och klista in länken nedan i webbläsarens adressfält:\n[:displayableActionUrl](:actionURL)",
    "Invalid signature.": "Felaktig signering.",
    "Login": "Logga in",
    "Logout": "Logga ut",
    "Name": "Namn",
    "Not Found": "Hittades ej",
    "Oh no": "Å nej",
    "Page Expired": "Sidan är utgången",
    "Page Not Found": "Sidan hittades inte",
    "Password": "Lösenord",
    "Please click the button below to verify your email address.": "Vänligen klicka på knappen nedan för att verifiera din e-postadress.",
    "Please confirm access to your account by entering one of your emergency recovery codes.": "Please confirm access to your account by entering one of your emergency recovery codes.",
    "Please confirm access to your account by entering the authentication code provided by your authenticator application.": "Please confirm access to your account by entering the authentication code provided by your authenticator application.",
    "Please confirm your password before continuing.": "Vänligen bekräfta din e-postadress innan du fortsätter.",
    "Regards": "Hälsningar",
    "Register": "Registrera",
    "Remember Me": "Kom ihåg mig",
    "Resend Verification Email": "Resend Verification Email",
    "Reset Password Notification": "Återställ lösenordet-notifikationen",
    "Reset Password": "Återställ lösenordet",
    "Send Password Reset Link": "Skicka återställningslänken",
    "Server Error": "Serverfel",
    "Service Unavailable": "Tjänsten svarar ej",
    "Sorry, the page you are looking for could not be found.": "Sidan kan ej hittas.",
    "Sorry, we are doing some maintenance. Please check back soon.": "Underhåll pågår. Vänligen återkom senare.",
    "Sorry, you are forbidden from accessing this page.": "Du har ej åtkomst till denna sida.",
    "Sorry, you are making too many requests to our servers.": "Du har gjort för många anrop till servern.",
    "Sorry, you are not authorized to access this page.": "Du är ej auktoriserad för att få tillgång till denna sida.",
    "Sorry, your session has expired. Please refresh and try again.": "Din session har gått ut. Vänligen ladda om sidan och försök på nytt.",
    "The :attribute must be a valid role.": "The :attribute must be a valid role.",
    "This action is unauthorized.": "Denna handling är ej auktoriserad.",
    "This password does not match our records.": "This password does not match our records.",
    "This password reset link will expire in :count minutes.": "Denna återställningslänk kommer att gå ut om :count minuter.",
    "This user already belongs to the team.": "This user already belongs to the team.",
    "Toggle navigation": "Visa/dölj navigeringen",
    "Too Many Attempts.": "För många försök.",
    "Too Many Requests": "För många anrop",
    "Unauthorized": "Ej auktoriserad",
    "Use a recovery code": "Use a recovery code",
    "Use an authentication code": "Use an authentication code",
    "Verify Email Address": "Bekfräfta e-postadress",
    "Verify Your Email Address": "Bekfräfta din e-postadress",
    "We were unable to find a registered user with this email address.": "We were unable to find a registered user with this email address.",
    "We won't ask for your password again for a few hours.": "Vi kommer ej fråga efter ditt lösenord igen på några timmar.",
    "Whoops!": "Oops!",
    "Whoops, something went wrong on our servers.": "Oops, något gick fel med våra servrar.",
    "You are receiving this email because we received a password reset request for your account.": "Du får detta mail då någon ha begärt återställning av lösenordet för ditt konto.",
    "You may not delete your personal team.": "You may not delete your personal team.",
    "You may not leave a team that you created.": "You may not leave a team that you created.",
    "Your email address is not verified.": "Din e-postadress är ej verifierad."
}
